WORD,GRAPHEMES,PHONEMES
ABIQUIU,A,B,I,Q,U,I,U,AE B-IH-K Y-UW
ABUSE,A,B,U,S,E,,AE-B-Y UW S
ABUSED,A,B,U,S,ED,AE-B-Y UW Z-D
ABUSER,A,B,U,S,ER,,AE-B-Y UW Z-ER
ABUSERS,A,B,U,S,ER,S,AE-B-Y UW Z-ER-Z
ABUSES,A,B,U,S,E,S,AE-B-Y UW S-EH Z
ABUSING,A,B,U,S,I,NG,EY-B Y UW Z-IH NG
ABUSIVE,A,B,U,S,I,V,E,,EY-B Y UW S-IH V
ACCUMULATE,A,C,C,U,M,U,L,A,T,E,AE K-K Y UW-M Y UW-L EY T
ACCUMULATED,A,C,C,U,M,U,L,A,T,E,D,AE K-K Y UW-M Y UW-L EY T-EH D
ACCUMULATES,A,C,C,U,M,U,L,A,T,E,S,AE K-K Y UW-M Y UW-L EY T-S
ACCUMULATING,A,C,C,U,M,U,L,A,T,I,NG,,AE K-K Y UW-M Y UW-L EY T-IH NG
ACCUMULATION,A,C,C,U,M,U,L,A,TI,O,N,AE K-K Y UW-M Y UW-L EY-SH AA N
ACCUMULATIONS,A,C,C,U,M,U,L,A,TI,O,N,S,AE K-K Y UW-M Y UW-L EY-SH AA N-Z
ACCUMULATIVE,A,C,C,U,M,U,L,A,T,I,V,E,AE K-K Y UW-M Y UW-L EY T-IH V
ACCUMULATIVELY,A,C,C,U,M,U,L,A,T,I,V,E,L,Y,AE K-K Y UW-M Y UW-L EY T-IH V-L IY
ACCUMULATOR,A,C,C,U,M,U,L,A,T,OR,AE K-K Y UW-M Y UW-L EY T-OR
ACCUMULATORS,A,C,C,U,M,U,L,A,T,OR,S,AE K-K Y UW-M Y UW LL-EY T-OR-Z
ACCURACIES,A,C,C,UR,A,C,I,E,S,AE K-K Y UW-R AE-S IY-Z
ACCUSATION,A,C,C,U,S,A,TI,O,N,AE K-K Y UW Z-EY-SH AA N
ACCUSATIONS,A,C,C,U,S,A,TI,O,N,S,AE K-K Y UW Z-EY-SH AA N-Z
ACCUSATIVE,A,C,C,U,S,A,T,I,V,E,,AE K-K Y UW Z-AE T-IH V
ACCUSATORY,A,C,C,U,S,A,T,OR,Y,AE K-K Y UW-Z AE-T OR-IY
ACCUSE,A,C,C,U,S,E,AE K-K Y UW Z
ACCUSED,A,C,C,U,S,ED,AE K-K Y UW Z-D
ACCUSER,A,C,C,U,S,ER,,AE K-K Y UW Z-ER
ACCUSERS,A,C,C,U,S,ER,S,AE K-K Y UW Z-ER-Z
ACCUSES,A,C,C,U,S,E,S,AE K-K Y UW Z-IH Z
ACCUSING,A,C,C,U,S,I,NG,AE K-K Y UW Z-IH NG
ACCUSINGLY,A,C,C,U,S,I,NG,L,Y,AE K-K Y UW Z-IH NG-L IY
ACTUATOR,A,C,T,U,A,T,OR,,AE K T-Y UW-EY T-OR
ACUITY,A,C,U,I,T,Y,,AE-K Y UW-IH T-IY
ACUMEN,A,C,U,M,E,N,AE-K Y UW M-EH N
ACUPUNCTURE,A,C,U,P,U,N,C,T,UR,E,AE K-Y UW-P AH NG K-CH ER
ACUTE,A,C,U,T,E,,AE-K Y UW T
ACUTELY,A,C,U,T,E,L,Y,,AE-K Y UW T-L IY
ACUTENESS,A,C,U,T,E,N,E,SS,AE-K Y UW-T N-EH S
ADULATE,A,D,U,L,A,T,E,AE JH-Y UW-L EY T
ADULATION,A,D,U,L,A,TI,O,N,AE JH-Y UW-L EY-SH AA N
ALBUMIN,A,L,B,U,M,I,N,AE LL-B Y UW-M IH N
AMBIGUITY,A,M,B,I,G,U,I,T,Y,,AE M-B IH G-Y UW-IH T-IY
AMBIGUOUS,A,M,B,I,G,U,OU,S,AE M-B IH G-Y UW-AH S
AMBULANCE,A,M,B,U,L,A,N,C,E,AE M-B Y UW LL-AE N S
AMBULATORY,A,M,B,U,L,A,T,OR,Y,AE M-B Y UW LL-AE T-OR-IY
AMPUTATE,A,M,P,U,T,A,T,E,,AE M-P Y UW-T EY T
AMPUTATED,A,M,P,U,T,A,T,E,D,AE M-P Y UW-T EY T-EH D
AMPUTATION,A,M,P,U,T,A,TI,O,N,,AE M-P Y UW-T EY-SH AA N
AMPUTATIONS,A,M,P,U,T,A,TI,O,N,S,AE M-P Y UW-T EY-SH AA N-Z
AMPUTEE,A,M,P,U,T,EE,,AE M-P Y UW-T IY
AMULET,A,M,U,L,E,T,AE M-Y UW-L-EH T
AMUSE,A,M,U,S,E,,AE-M Y UW Z
AMUSED,A,M,U,S,E,D,,AE-M Y UW Z-D
AMUSEMENT,A,M,U,S,E,M,E,N,T,AE-M Y UW Z-M EH N T
AMUSEMENTS,A,M,U,S,E,M,E,N,T,S,AE M Y UW Z-M EH N T-S
AMUSES,A,M,U,S,E,S,AE-M Y UW Z-IH Z
AMUSING,A,M,U,S,I,NG,,AE-M Y UW Z-IH NG
AMUSINGLY,A,M,U,S,I,NGL,Y,,AE-M Y UW-Z IH-NG-L IY
ANEURISM,A,N,E,UR,I,S,M,AE N-Y UW R-IH Z M
ANGULATE,A,N,G,U,L,A,T,E,AE NG-G Y UW-L EY T
ANGULATED,A,N,G,U,L,A,T,E,D,AE NG-G Y UW-L EY T-EH D
ANNUAL,A,N,N,U,A,L,AE N-N Y UW-AE L
ANNUALISED,A,N,N,U,A,L,I,S,E,D,AE N-N Y UW-AE LL-AY Z-D
ANNUALIZED,A,N,N,U,A,L,I,Z,E,D,AE N-N Y UW-AE LL-AY Z-D
ANNUALLY,A,N,N,U,A,L,L,Y,AE N-N Y UW-AE LL-L IY
ANNULAR,A,N,N,U,L,AR,,AE N-N Y UW-L AR
ANTICOMMUNIST,A,N,T,I,C,O,M,M,U,N,I,S,T,AE N-T IY-K AA M-M Y UW N-IH S T
ARGUABLE,A,R,G,U,A,B,L,E,,AR-G Y UW-AE-B LL
ARGUABLY,A,R,G,U,A,B,L,Y,,AR-G Y UW-AE-B LL-IY
ARGUE,A,R,G,U,E,AR G-Y UW
ARGUED,A,R,G,UE,D,AR G-Y UW-D
ARGUES,A,R,G,UE,S,AR G-Y UW-Z
ARGUING,A,R,G,U,I,NG,AR-G Y UW-IH NG
ARGUMENT,A,R,G,U,M,E,N,T,AR-G Y UW-M EH-N T
ARGUMENTATION,A,R,G,U,M,E,N,T,A,TI,O,N,AR-G Y UW-M EH N T-EY-SH AA N
ARGUMENTATIVE,A,R,G,U,M,E,N,T,A,T,I,V,E,AR-G Y UW-M EH N T-AE T-IH V
ARGUMENTS,A,R,G,U,M,E,N,T,S,AR-G Y UW-M EH N T-S
ARTICULATE,AR,T,I,C,U,L,A,T,E,,AR-T IH K-Y UW-L EY T
ARTICULATED,AR,T,I,C,U,L,A,T,E,D,AR-T IH K-Y UW-L EY T-EH D
ARTICULATES,AR,T,I,C,U,L,A,T,E,S,,AR-T IH K-Y UW-L EY T-S
ARTICULATING,AR,T,I,C,U,L,A,T,I,NG,AR-T IH K-Y UW LL-EY T-IH NG
ARTICULATION,AR,T,I,C,U,L,A,TI,O,N,AR-T IH K-Y UW LL-EY-SH AA N
ARTICULATORY,AR,T,I,C,U,L,A,T,OR,Y,AR-T IH K-Y UW LL-AE T-OR-IY
ASEXUAL,A,S,E,X,U,A,L,EY-S EH K SH-Y UW-AE LL
ASKEW,A,S,K,E,W,AE S-K Y UW
ASSIDUOUS,A,S,S,I,D,U,OU,S,AE S-S IH D-Y UW-AY S
ASSIDUOUSLY,A,S,S,I,D,U,OU,S,L,Y,AE S-S IH D-Y UW-AH S-L IY
ATTENUATE,A,T,T,E,N,U,A,T,E,,AE T-T EH N-Y UW-EY T
ATTENUATED,A,T,T,E,N,U,A,T,E,D,AE T-T EH N-Y UW-EY T-EH D
ATTENUATES,A,T,T,E,N,U,A,T,E,S,,AE T-T EH N-Y UW-EY T-S
ATTRIBUTE,A,T,T,R,I,B,U,T,E,AE T-T R IH B-Y UW T
ATTRIBUTED,A,T,T,R,I,B,U,T,E,D,AE T-T R IH B-Y UW T-EH D
ATTRIBUTES,A,T,T,R,I,B,U,T,E,S,AE T-T R IH B-Y UW T-S
ATTRIBUTING,A,T,T,R,I,B,U,T,I,NG,AE T-T R IH B-Y UW T-IH NG
ATTRIBUTION,A,T,T,R,I,B,U,TI,O,N,AE T-T R IH-B Y UW-SH AA N
AUDIOVISUAL,AU,D,I,O,V,I,S,U,A,L,AO D-IY-OW-V IH ZH-Y UW-AE LL
AUTOIMMUNE,AU,T,O,I,M,M,U,N,E,,AO-T OW-IH M-M Y UW N
AVUNCULAR,A,V,U,N,C,U,L,AR,,AE-V AH NG-K Y UW-L AR
AYACUCHO,AY,A,C,U,CH,O,EY-Y AE-K Y UW-CH OW
BARBECUE,B,AR,B,E,C,U,E,B AR-B IH-K Y UW
BARBECUED,B,AR,B,E,C,UE,D,B AR-B IH-K Y UW-D
BARBEQUE,B,AR,B,E,Q,U,E,B AR-B IH-K Y UW
BARBEQUED,B,AR,B,E,Q,UE,D,B AR-B IH-K Y UW-D
BARTHOLOMEW,B,AR,TH,O,L,O,M,E,W,B AR-TH AA LL-OW-M Y UW
BELLEVUE,B,E,LL,E,V,U,E,B EH LL-V Y UW
BEMUSE,B,E,M,U,S,E,,B IY-M Y UW Z
BEMUSED,B,E,M,U,S,E,D,,B IY-M Y UW Z-D
BEMUSEMENT,B,E,M,U,S,E,M,E,N,T,B EH-M Y UW S-M EH N T
BERMUDA,B,ER,M,U,D,A,B ER-M Y UW-D AH
BERMUDAS,B,ER,M,U,D,A,S,B ER-M Y UW-D AH-Z
BEULAH,B,EU,L,A,H,B Y UW-L AH
BISEXUAL,B,I,S,E,X,U,A,L,,B AY-S EH K SH-Y UW-AE LL
BISEXUALITY,B,I,S,E,X,U,A,L,I,T,Y,,B AY-S EH K SH-Y UW-AE LL-IH T-IY
BISEXUALS,B,I,S,E,X,U,A,L,S,,B AY-S EH K SH-Y UW-AE LL-Z
BROADVIEW,B,R,OA,D,V,IEW,B R AO D-V Y UW
BUBONIC,B,U,B,O,N,I,C,B Y UW-B AA N-IH K
BUCHANAN,B,U,C,H,A,N,A,N,B Y UW-K AE N-AE N
BUCHENWALD,B,U,C,H,E,N,W,A,L,D,B Y UW K-EH N-W AA LL D
BUCOLIC,B,U,C,O,L,I,C,B Y UW-K AA LL-IH K
BUELL,B,U,E,LL,B Y UW-EH LL
BUFORD,B,U,F,OR,D,B Y UW F-ER D
BUGLE,B,U,G,L,E,,B Y UW-G L
BUHL,B,U,H,L,B Y UW L
BULIMIA,B,U,L,I,M,I,A,B Y UW-L IH M-IY-AH
BULIMIC,B,U,L,I,M,I,C,B Y UW LL-IH M-IH K
BUOYANT,BU,O,Y,A,N,T,B Y UW-OY-AE N T
BURAN,B,UR,A,N,B Y UW-R AH N
BUTANE,B,U,T,A,N,E,,B Y UW-T EY N
BUTE,B,U,T,E,,B Y UW T
BUTTE,B,U,TT,E,B Y UW T
BUTYL,B,U,T,Y,L,,B Y UW-T IH L
CALUMET,C,A,L,U,M,E,T,K AE LL-Y UW-M EH T
CAPITULATE,C,A,P,I,T,U,L,A,T,E,K AE P-IH CH-Y UW-L EY T
CAPITULATED,C,A,P,I,T,U,L,A,T,E,D,K AE P-IH CH-Y UW-L EY T-EH D
CAPITULATION,C,A,P,I,T,U,L,A,TI,O,N,K AE-P IH CH-Y UW-L EY-SH AA N
CAPUA,C,A,P,U,A,,K AE P-Y UW-AH
CEAUSESCU,C,EA,U,S,E,S,C,U,,CH AW-CH EH S-K Y UW
CELLULAR,C,E,L,L,U,L,AR,,S EH LL-L Y UW-L AR
CENTRIFUGAL,C,E,N,T,R,I,F,U,G,A,L,S EH N-T R IH F-Y UW-G AE L
CENTRIFUGE,C,E,N,T,R,I,F,U,G,E,,S EH N-T R IH F-Y UW JH
CENTRIFUGES,C,E,N,T,R,I,F,U,G,E,S,S EH N-T R IH F-Y UW JH-IH Z
CIRCUITOUS,C,IR,C,U,I,T,OU,S,S ER-K Y UW-IH T-AH S
CIRCULAR,C,IR,C,U,L,AR,,S ER-K Y UW LL-AR
CIRCULARISE,C,IR,C,U,L,AR,I,S,E,S ER-K Y UW LL-AR-AY Z
CIRCULARISING,C,IR,C,U,L,AR,I,S,I,NG,S ER-K Y UW LL-AR-AY Z-IH NG
CIRCULARIZE,C,IR,C,U,L,AR,I,Z,E,S ER-K Y UW LL-AR-AY Z
CIRCULARIZING,C,IR,C,U,L,AR,I,Z,I,NG,S ER-K Y UW LL-AR-AY Z-IH NG
CIRCULARLY,C,IR,C,U,L,AR,L,Y,S ER-K Y UW LL-AR-L IY
CIRCULATE,C,IR,C,U,L,A,T,E,,S ER-K Y UW-L EY T
CIRCULATED,C,IR,C,U,L,A,T,E,D,S ER-K Y UW-L EY T-EH D
CIRCULATES,C,IR,C,U,L,A,T,E,S,,S ER-K Y UW-L EY T-S
CIRCULATING,C,IR,C,U,L,A,T,I,NG,S ER-K Y UW LL-EY T-IH NG
CIRCULATION,C,IR,C,U,L,A,TI,O,N,S ER-K Y UW LL-EY-SH AA N
CIRCULATORY,C,IR,C,U,L,A,T,OR,Y,S ER-K Y UW LL-AE T-OR-IY
CIRCUMLOCUTION,C,IR,C,U,M,L,O,C,U,TI,O,N,S ER-K AH M-L OW K-Y UW-SH AA N
COAGULATE,C,O,A,G,U,L,A,T,E,K OW-AE G-Y UW-L EY T
COAGULATING,C,O,A,G,U,L,A,T,I,NG,K OW-AE G-Y UW LL-EY T-IH NG
COAGULATION,C,O,A,G,U,L,A,TI,O,N,K OW-AE G-Y UW LL-EY-SH AA N
COARTICULATE,C,O,AR,T,I,C,U,L,A,T,E,K OW-AR-T IH K-Y UW-L EY T
COARTICULATED,C,O,AR,T,I,C,U,L,A,T,E,D,K OW-AR-T IH K-Y UW-L EY T-EH D
COARTICULATES,C,O,AR,T,I,C,U,L,A,T,E,S,K OW-AR-T IH K-Y UW-L EY T-S
COARTICULATION,C,O,AR,T,I,C,U,L,A,TI,O,N,K OW-AR-T IH K-Y UW-L EY-SH AA N
COEDUCATIONAL,C,O,E,D,U,C,A,TI,O,N,A,L,K OW-EH D-Y UW-K EY-SH AA N-AE LL
COMMUNAL,C,O,M,M,U,N,A,L,K AA M-M Y UW N-AE LL
COMMUNE,C,O,M,M,U,N,E,,K AA M-M Y UW N
COMMUNICABLE,C,O,M,M,U,N,I,C,A,B,L,E,K AA M-M Y UW-N IH K-AE-B LL
COMMUNICATE,C,O,M,M,U,N,I,C,A,T,E,,K AA M-M Y UW-N IH K-EY T
COMMUNICATED,C,O,M,M,U,N,I,C,A,T,E,D,K AA M-M Y UW-N IH K-EY T-EH D
COMMUNICATES,C,O,M,M,U,N,I,C,A,T,E,S,K AA M-M Y UW-N IH K-EY T-S
COMMUNICATING,C,O,M,M,U,N,I,C,A,T,I,NG,K AA M-M Y UW-N IH K-EY T-IH NG
COMMUNICATION,C,O,M,M,U,N,I,C,A,TI,O,N,K AA M-M Y UW-N IH K-EY-SH AA N
COMMUNICATIONS,C,O,M,M,U,N,I,C,A,TI,O,N,S,K AA M-M Y UW-N IH K-EY-SH AA N-Z
COMMUNICATIVE,C,O,M,M,U,N,I,C,A,T,I,V,E,K AA M-M Y UW-N IH K-AE T-IH V
COMMUNICATOR,C,O,M,M,U,N,I,C,A,T,OR,,K AA M-M Y UW-N IH K-EY-T ER
COMMUNICATORS,C,O,M,M,U,N,I,C,A,T,OR,S,K AA M-M Y UW-N IH K-EY-T ER-Z
COMMUNING,C,O,M,M,U,N,I,NG,K AA M-M Y UW N-IH NG
COMMUNION,C,O,M,M,U,N,I,O,N,K AA M-M Y UW N-Y AH N
COMMUNIQUE,C,O,M,M,U,N,I,Q,U,E,K AA M-M Y UW-N AH-K AH EY
COMMUNIQUES,C,O,M,M,U,N,I,Q,U,E,S,K AA M-M Y UW-N IH-K AH EY-Z
COMMUNISM,C,O,M,M,U,N,I,S,M,K AA M-M Y UW N-IH Z AA M
COMMUNIST,C,O,M,M,U,N,I,S,T,K AA M-M Y UW N-IH S T
COMMUNITIES,C,O,M,M,U,N,I,T,I,E,S,K AA M-M Y UW N-IH T-IY-AH Z
COMMUNITY,C,O,M,M,U,N,I,T,Y,K AA M-M Y UW N-IH T-IY
COMMUNITYWIDE,C,O,M,M,U,N,I,T,Y,W,I,D,E,,K AA M-M Y UW N-IH T-IY-W AY D
COMMUNIZE,C,O,M,M,U,N,I,Z,E,,K AA M-M Y UW-N AY Z
COMMUTATE,C,O,M,M,U,T,A,T,E,,K AA M-M Y UW T-EY T
COMMUTATION,C,O,M,M,U,T,A,TI,O,N,K AA M-M Y UW T-EY-SH AA N
COMMUTE,C,O,M,M,U,T,E,,K AA M-M Y UW T
COMMUTED,C,O,M,M,U,T,E,D,K AA M-M Y UW T-EH D
COMMUTER,C,O,M,M,U,T,ER,,K AA M-M Y UW T ER
COMMUTING,C,O,M,M,U,T,I,NG,K AA M-M Y UW T-IH NG
COMPUTATIONAL,C,O,M,P,U,T,A,TI,O,N,A,L,K AA M-P Y UW-T EY-SH AA N-AE LL
COMPUTE,C,O,M,P,U,T,E,,K AA M-P Y UW T
COMPUTED,C,O,M,P,U,T,E,D,K AA M-P Y UW T-EH D
COMPUTER,C,O,M,P,U,T,ER,K AA M-P Y UW T ER
COMPUTERISATION,C,O,M,P,U,T,ER,I,S,A,TI,O,N,K AA M-P Y UW T-ER-IH Z-EY-SH AA N
COMPUTERISE,C,O,M,P,U,T,ER,I,S,E,K AA M-P Y UW T-ER-AY Z
COMPUTERISED,C,O,M,P,U,T,ER,I,S,E,D,K AA M-P Y UW T-ER-AY Z-D
COMPUTERISING,C,O,M,P,U,T,ER,I,S,I,NG,K AA M-P Y UW T-ER-AY Z-IH NG
COMPUTERIZATION,C,O,M,P,U,T,ER,I,Z,A,TI,O,N,K AA M-P Y UW T-ER-IH Z-EY-SH AA N
COMPUTERIZE,C,O,M,P,U,T,ER,I,Z,E,K AA M-P Y UW T-ER-AY Z
COMPUTERIZED,C,O,M,P,U,T,ER,I,Z,E,D,K AA M-P Y UW T-ER-AY Z-D
COMPUTERIZING,C,O,M,P,U,T,ER,I,Z,I,NG,K AA M-P Y UW T-ER-AY Z-IH NG
COMPUTERLIKE,C,O,M,P,U,T,ER,L,I,K,E,K AA M-P Y UW T-ER-L AY K
COMPUTERS,C,O,M,P,U,T,ER,S,K AA M-P Y UW T-ER-Z
COMPUTING,C,O,M,P,U,T,I,NG,K AA M-P Y UW T-IH NG
CONCEPTUAL,C,O,N,C,E,P,T,U,A,L,K AA N-S EH P-CH Y UW-AE LL
CONCEPTUALISATION,C,O,N,C,E,P,T,U,A,L,I,S,A,TI,O,N,K AA N-S EH P-CH Y UW-AE LL-IH Z-EY-SH AA N
CONCEPTUALISE,C,O,N,C,E,P,T,U,A,L,I,S,E,K AA N-S EH P-CH Y UW-AE LL-AY Z
CONCEPTUALISED,C,O,N,C,E,P,T,U,A,L,I,S,E,D,K AA N-S EH P-CH Y UW-AE LL-AY Z-D
CONCEPTUALISES,C,O,N,C,E,P,T,U,A,L,I,S,E,S,K AA N-S EH P-CH Y UW-AE LL-AY Z-EH Z
CONCEPTUALISING,C,O,N,C,E,P,T,U,A,L,I,S,I,NG,K AA N-S EH P-CH Y UW-AE LL-AY Z-IH NG
CONCEPTUALIZATION,C,O,N,C,E,P,T,U,A,L,I,Z,A,TI,O,N,K AA N-S EH P-CH Y UW-AE LL-IH Z-EY-SH AA N
CONCEPTUALIZE,C,O,N,C,E,P,T,U,A,L,I,Z,E,K AA N-S EH P-CH Y UW-AE LL-AY Z
CONCEPTUALIZED,C,O,N,C,E,P,T,U,A,L,I,Z,E,D,K AA N-S EH P-CH Y UW-AE LL-AY Z-D
CONCEPTUALIZES,C,O,N,C,E,P,T,U,A,L,I,Z,E,S,K AA N-S EH P-CH Y UW-AE LL-AY Z-EH Z
CONCEPTUALIZING,C,O,N,C,E,P,T,U,A,L,I,Z,I,NG,K AA N-S EH P-CH Y UW-AE LL-AY Z-IH NG
CONCEPTUALLY,C,O,N,C,E,P,T,U,A,L,L,Y,K AA N-S EH P-CH Y UW-AE LL-L IY
CONCUBINAGE,C,O,N,C,U,B,I,N,A,G,E,K AA N-K Y UW-B IH N-EY JH
CONFABULATION,C,O,N,F,A,B,U,L,A,TI,O,N,K AA N-F AE B-Y UW LL-EY-SH AA N
CONFUCIAN,C,O,N,F,U,CI,A,N,K AA N-F Y UW-SH AE N
CONFUCIANISM,C,O,N,F,U,CI,A,N,I,S,M,K AA N-F Y UW-SH AE N-IH Z AA M
CONFUCIUS,C,O,N,F,U,C,I,U,S,K AA N-F Y UW-SH IY-AH S
CONFUSE,C,O,N,F,U,S,E,,K AA N-F Y UW Z
CONFUSED,C,O,N,F,U,S,E,D,,K AA N-F Y UW Z-D
CONFUSING,C,O,N,F,U,S,I,NG,,K AA N-F Y UW Z-IH NG
CONFUSINGLY,C,O,N,F,U,S,I,NG,L,Y,K AA N-F Y UW Z-IH-NG-L IY
CONFUSION,C,O,N,F,U,SI,O,N,K AA N-F Y UW-ZH AA N
CONGRATULATE,C,O,N,G,R,A,T,U,L,A,T,E,K AA N-G R AE CH-Y UW-L EY T
CONGRATULATED,C,O,N,G,R,A,T,U,L,A,T,E,D,K AA N-G R AE CH-Y UW-L EY T-EH D
CONGRATULATING,C,O,N,G,R,A,T,U,L,A,T,I,NG,K AA N-G R AE CH-Y UW LL-EY T-IH NG
CONGRATULATION,C,O,N,G,R,A,T,U,L,A,TI,O,N,K AA N-G R AE CH-Y UW LL-EY-SH AA N
CONGRATULATIONS,C,O,N,G,R,A,T,U,L,A,TI,O,N,S,K AA N-G R AE CH-Y UW LL-EY-SH AA N-Z
CONGRATULATORY,C,O,N,G,R,A,T,U,L,A,T,OR,Y,K AA N-G R AE CH-Y UW LL-AE T-OR IY
CONSPICUOUS,C,O,N,S,P,I,C,U,OU,S,K AA N-S P IH K-Y UW-AH S
CONSPICUOUSLY,C,O,N,S,P,I,C,U,OU,S,L,Y,K AA N-S P IH K-Y UW-AH S-L IY
CONSTABULARY,C,O,N,S,T,A,B,U,L,AR,Y,K AA N-S T AE B-Y UW LL-AIR-IY
CONSTITUENCY,C,O,N,S,T,I,T,U,E,N,C,Y,K AA N-S T IH CH-Y UW-AE N-S IY
CONSTITUENT,C,O,N,S,T,I,T,U,E,N,T,K AA N-S T IH CH-Y UW-AE N T
CONSTITUENTS,C,O,N,S,T,I,T,U,E,N,T,S,K AA N-S T IH CH-Y UW-AE N T-S
CONTEMPTUOUS,C,O,N,T,E,M,P,T,U,OU,S,K AA N-T EH M P-CH Y UW-AH S
CONTEMPTUOUSLY,C,O,N,T,E,M,P,T,U,OU,S,L,Y,K AA N-T EH M P-CH Y UW-AH S-L IY
CONTEXTUAL,C,O,N,T,E,X,T,U,A,L,,K AA N-T EH K S-Y UW-AE LL
CONTEXTUALISE,C,O,N,T,E,X,T,U,A,L,I,S,E,K AA N-T EH K S-Y UW-AE LL-AY Z
CONTEXTUALISED,C,O,N,T,E,X,T,U,A,L,I,S,E,D,K AA N-T EH K S-Y UW-AE LL-AY Z-D
CONTEXTUALISES,C,O,N,T,E,X,T,U,A,L,I,S,E,S,K AA N-T EH K S-Y UW-AE LL-AY Z-EH Z
CONTEXTUALISING,C,O,N,T,E,X,T,U,A,L,I,S,I,NG,K AA N-T EH K S-Y UW-AE LL-AY Z-IH NG
CONTEXTUALIZE,C,O,N,T,E,X,T,U,A,L,I,Z,E,K AA N-T EH K S-Y UW-AE LL-AY Z
CONTEXTUALIZED,C,O,N,T,E,X,T,U,A,L,I,Z,E,D,K AA N-T EH K S-Y UW-AE LL-AY Z-D
CONTEXTUALIZES,C,O,N,T,E,X,T,U,A,L,I,Z,E,S,K AA N-T EH K S-Y UW-AE LL-AY Z-EH Z
CONTEXTUALIZING,C,O,N,T,E,X,T,U,A,L,I,Z,I,NG,K AA N-T EH K S-Y UW-AE LL-AY Z-EH Z-IH NG
CONTIGUOUS,C,O,N,T,I,G,U,OU,S,K AA N-T IH G-Y UW-AH S
CONTINUAL,C,O,N,T,I,N,U,A,L,,K AA N-T IH N-Y UW-AE LL
CONTINUALLY,C,O,N,T,I,N,U,A,L,L,Y,K AA N-T IH N-Y UW-AE LL-L IY
CONTINUANCE,C,O,N,T,I,N,U,A,N,C,E,K AA N-T IH N-Y UW-AE N S
CONTINUATION,C,O,N,T,I,N,U,A,TI,O,N,K AA N-T IH N-Y UW-EY-SH AA N
CONTINUE,C,O,N,T,I,N,U,E,K AA N-T IH N-Y UW
CONTINUED,C,O,N,T,I,N,UE,D,K AA N-T IH N-Y UW-D
CONTINUES,C,O,N,T,I,N,UE,S,K AA N-T IH N-Y UW-Z
CONTINUING,C,O,N,T,I,N,U,I,NG,K AA N-T IH N-Y UW-IH NG
CONTINUOUS,C,O,N,T,I,N,U,OU,S,K AA N-T IH N-Y UW-AH S
CONTINUOUSLY,C,O,N,T,I,N,U,OU,S,L,Y,K AA N-T IH N-Y UW-AH S-L IY
CONTINUUM,C,O,N,T,I,N,U,U,M,,K AA N-T IH N-Y UW-AA M
CONTRIBUTE,C,O,N,T,R,I,B,U,T,E,,K AA N-T R IH-B Y UW T
CONTRIBUTED,C,O,N,T,R,I,B,U,T,E,D,K AA N-T R IH-B Y UW T-EH D
CONTRIBUTES,C,O,N,T,R,I,B,U,T,E,S,,K AA N-T R IH-B Y UW T-S
CONTRIBUTING,C,O,N,T,R,I,B,U,T,I,NG,K AA N-T R IH-B Y UW T-IH NG
CONTRIBUTION,C,O,N,T,R,I,B,U,TI,O,N,K AA N-T R IH-B Y UW-SH AA N
CONTRIBUTIONS,C,O,N,T,R,I,B,U,TI,O,N,S,K AA N-T R IH-B Y UW-SH AA N-Z
COPULATE,C,O,P,U,L,A,T,E,,K AA P-Y UW-L EY T
CORBUSIER,C,OR,B,U,S,I,ER,K OR-B Y UW S-Y ER
CORPULENT,C,OR,P,U,L,E,N,T,K OR P-Y UW LL-EH N T
CORTELYOU,C,OR,T,E,L,Y,OU,K OR-T EH LL-Y UW
COUNTERREVOLUTION,C,OU,N,T,ER,R,E,V,O,L,U,TI,O,N,K AW N-T ER-R EH-V OW LL-Y UW-SH AA N
COUNTERREVOLUTIONARY,C,OU,N,T,ER,R,E,V,O,L,U,TI,O,N,AR,Y,K AW N-T ER-R EH-V OW LL-Y UW-SH AA N-AIR-IY
CUBA,C,U,B,A,,K Y UW-B AH
CUBAN,C,U,B,A,N,K Y UW-B AE N
CUBANS,C,U,B,A,N,S,K Y UW-B AE N-Z
CUBE,C,U,B,E,,K Y UW B
CUBED,C,U,B,E,D,,K Y UW B-D
CUBES,C,U,B,E,S,K Y UW B-S
CUBIC,C,U,B,I,C,,K Y UW B-IH K
CUBICLE,C,U,B,I,C,L,E,K Y UW B-IH-K L
CUBISM,C,U,B,I,S,M,K Y UW B-IH-Z M
CUBIST,C,U,B,I,S,T,K Y UW B-IH-S T
CUBIT,C,U,B,I,T,K Y UW B-IH T
CUCUMBER,C,U,C,U,M,B,ER,K Y UW-K AH M-B ER
CUE,C,U,E,K Y UW
CUES,C,UE,S,K Y UW-S
CUING,C,U,I,NG,K Y UW-IH NG
CULEX,C,U,L,E,X,K Y UW LL-EH-K S
CULINARY,C,U,L,I,N,AR,Y,K Y UW-L IH N-EH ER-IY
CUMIN,C,U,M,I,N,K Y UW M-IH N
CUMULATIVE,C,U,M,U,L,A,T,I,V,E,K Y UW-M Y UW-L AE T-IH V
CUMULATIVELY,C,U,M,U,L,A,T,I,V,E,L,Y,K Y UW-M Y UW-L AE T-IH V-L IY
CUNEIFORM,C,U,N,E,I,F,OR,M,K Y UW-N-IY F-AO-R M
CUNEO,C,U,N,E,O,K Y UW-N IY-OW
CUPID,C,U,P,I,D,K Y UW P-IH D
CUPIDITY,C,U,P,I,D,I,T,Y,K Y UW-P IH D-IH T-IY
CURARE,C,UR,AR,E,K Y UW-R AE-R EY
CURARI,C,UR,AR,I,K Y UW-R AE R-EY
CURFEW,C,UR,F,E,W,K ER-F Y UW
CURFEWS,C,UR,F,E,W,S,K ER-F Y UW-Z
CURLICUE,C,UR,L,I,C,U,E,K ER LL-IH-K Y UW
CURRICULA,C,UR,R,I,C,U,L,A,K ER-R IH K-Y UW LL-AH
CURRICULAR,C,UR,R,I,C,U,L,AR,,K ER-R IH K-Y UW LL-AR
CURRICULUM,C,UR,R,I,C,U,L,U,M,K ER-R IH K-Y UW LL-AH M
CURRICULUMS,C,UR,R,I,C,U,L,U,M,S,K ER-R IH K-Y UW LL-AH M-Z
CUSO,C,U,S,O,K Y UW-S OW
CUTANEOUS,C,U,T,A,N,E,OU,S,K Y UW-T EY N-IY-AH S
CUTE,C,U,T,E,,K Y UW T
CUTENESS,C,U,T,E,N,E,SS,K Y UW-T N-EH S
CUTER,C,U,T,ER,,K Y UW T ER
CUTEST,C,U,T,E,S,T,K Y UW T-IH-S T
CUTICLE,C,U,T,I,C,L,E,K Y UW-T IH-K L
DANUBE,D,A,N,U,B,E,,D AE N-Y UW B
DEBUT,D,E,B,U,T,D EY-B Y UW
DEBUTANTE,D,E,B,U,T,A,N,T,E,D EH B-Y UW T-AA N T
DECIDUOUS,D,E,C,I,D,U,OU,S,D IY-S IH JH-Y UW-AH S
DEFUSE,D,E,F,U,S,E,,D IH-F Y UW Z
DEFUSED,D,E,F,U,S,E,D,D IH-F Y UW Z-D
DEFUSING,D,E,F,U,S,I,NG,D IH-F Y UW Z-IH NG
DEHUMANISATION,D,E,H,U,M,A,N,I,S,A,TI,O,N,D IY-HH Y UW-M AE N-IH Z-EY-SH AA N
DEHUMANISE,D,E,H,U,M,A,N,I,S,E,D IH-HH Y UW-M AE N-AY Z
DEHUMANISED,D,E,H,U,M,A,N,I,S,E,D,D IH-HH Y UW-M AE N-AY Z-D
DEHUMANISING,D,E,H,U,M,A,N,I,S,I,NG,D IY-HH Y UW-M AE N-AY Z-IH NG
DEHUMANIZATION,D,E,H,U,M,A,N,I,Z,A,TI,O,N,D IY-HH Y UW-M AE N-IH Z-EY-SH AA N
DEHUMANIZE,D,E,H,U,M,A,N,I,Z,E,,D IH-HH Y UW-M AE N-AY Z
DEHUMANIZED,D,E,H,U,M,A,N,I,Z,E,D,D IH-HH Y UW-M AE N-AY Z-D
DEHUMANIZING,D,E,H,U,M,A,N,I,Z,I,NG,D IY-HH Y UW-M AE N-AY Z-IH NG
DEHUMIDIFIED,D,E,H,U,M,I,D,I,F,I,E,D,D IY-HH Y UW-M IH D-IH F-AY-D
DEHUMIDIFIER,D,E,H,U,M,I,D,I,F,I,ER,,D IY-HH Y UW-M IH D-IH F-AY ER
DEHUMIDIFIES,D,E,H,U,M,I,D,I,F,I,E,S,,D IY-HH Y UW-M IH D-IH F-AY-Z
DEHUMIDIFY,D,E,H,U,M,I,D,I,F,Y,D IY-HH Y UW-M IH D-IH F-AY
DEINSTITUTIONALISATION,D,E,I,N,S,T,I,T,U,TI,O,N,A,L,I,S,A,TI,O,N,D IY-IH N-S T IH T-Y UW-SH AA N-AE LL-IH Z-EY-SH AA N
DEINSTITUTIONALISE,D,E,I,N,S,T,I,T,U,TI,O,N,A,L,I,S,E,D IY-IH N-S T IH T-Y UW-SH AA N-AE LL-AY Z
DEINSTITUTIONALIZATION,D,E,I,N,S,T,I,T,U,TI,O,N,A,L,I,Z,A,TI,O,N,D IY-IH N-S T IH T-Y UW-SH AA N-AE LL-IH Z-EY-SH AA N
DEINSTITUTIONALIZE,D,E,I,N,S,T,I,T,U,TI,O,N,A,L,I,Z,E,D IY-IH N-S T IH T-Y UW-SH AA N-AE LL-AY Z
DELUGE,D,E,L,U,G,E,,D EH LL-Y UW JH
DELUGED,D,E,L,U,G,E,D,D EH LL-Y UW JH-D
DEMODULATE,D,E,M,O,D,U,L,A,T,E,D IY-M AA JH-Y UW-L EY T
DEMODULATED,D,E,M,O,D,U,L,A,T,E,D,D IY-M AA JH-Y UW-L EY T-EH D
DEMODULATES,D,E,M,O,D,U,L,A,T,E,S,D IY-M AA JH-Y UW-L EY T-S
DEMODULATION,D,E,M,O,D,U,L,A,TI,O,N,D IY-M AA JH-Y UW LL-EY-SH AA N
DEOXYRIBONUCLEIC,D,E,O,X,Y,R,I,B,O,N,U,C,L,E,I,C,D IY-AA K S-IY-R AY-B OW-N Y UW-K L EY-IH K
DEPEW,D,E,P,E,W,D EH-P Y UW
DEPOPULATE,D,E,P,O,P,U,L,A,T,E,,D IY-P AA P-Y UW-L EY T
DEPOPULATION,D,E,P,O,P,U,L,A,TI,O,N,D IH-P AA P-Y UW LL-EY-SH AA N
DEPUTIES,D,E,P,U,T,I,E,S,D EH-P Y UW T-IY-Z
DEPUTISE,D,E,P,U,T,I,S,E,D EH-P Y UW T-AY Z
DEPUTISED,D,E,P,U,T,I,S,E,D,D EH-P Y UW T-AY Z-D
DEPUTISES,D,E,P,U,T,I,S,E,S,D EH-P Y UW T-AY Z-IH Z
DEPUTIZE,D,E,P,U,T,I,Z,E,D EH-P Y UW T-AY Z
DEPUTIZED,D,E,P,U,T,I,Z,E,D,D EH-P Y UW T-AY Z-D
DEPUTIZES,D,E,P,U,T,I,Z,E,S,D EH-P Y UW T-AY Z-IH Z
DEPUTY,D,E,P,U,T,Y,,D EH-P Y UW T-IY
DESTITUTE,D,E,S,T,I,T,U,T,E,D EH-S T AH T-Y UW T
DESTITUTION,D,E,S,T,I,T,U,TI,O,N,D EH-S T AH T-Y UW-SH AA N
DEVALUATE,D,E,V,A,L,U,A,T,E,,D IY-V AE LL-Y UW-EY T
DEVALUATED,D,E,V,A,L,U,A,T,E,D,D IY-V AE LL-Y UW-EY T-EH D
DEVALUATION,D,E,V,A,L,U,A,TI,O,N,D IY-V AE LL-Y UW-EY-SH AA N
DEVALUATIONS,D,E,V,A,L,U,A,TI,O,N,S,D IY-V AE LL-Y UW-EY-SH AA N-Z
DEVALUE,D,E,V,A,L,U,E,D IY-V AE LL-Y UW
DEVALUING,D,E,V,A,L,U,I,NG,D IY-V AE LL-Y UW-IH NG
DEVOLUTION,D,E,V,O,L,U,TI,O,N,D EH-V AA LL-Y UW-SH AA N
DIFFUSE,D,I,F,F,U,S,E,,D IH F-F Y UW S
DIFFUSED,D,I,F,F,U,S,E,D,,D IH F-F Y UW Z-D
DIFFUSES,D,I,F,F,U,S,E,S,D IH F-F Y UW Z-EH Z
DIFFUSING,D,I,F,F,U,S,I,NG,D IH F-F Y UW Z-IH NG
DIFFUSION,D,I,F,F,U,SI,O,N,D IH F-F Y UW-ZH AA N
DIMINUTION,D,I,M,I,N,U,TI,O,N,D IH M-IH N-Y UW-SH AA N
DIMINUTIVE,D,I,M,I,N,U,T,I,V,E,,D IH M-IH N-Y UW T-IH V
DISABUSE,D,I,S,A,B,U,S,E,,D IH S-AH B-Y UW S
DISABUSED,D,I,S,A,B,U,S,E,D,D IH S-AH B-Y UW Z-D
DISABUSES,D,I,S,A,B,U,S,E,S,D IH S-AH B-Y UW S-EH Z
DISCOMBOBULATE,D,I,S,C,O,M,B,O,B,U,L,A,T,E,,D IH S-K AA M-B AO B-Y UW-L EY T
DISCOMBOBULATED,D,I,S,C,O,M,B,O,B,U,L,A,T,E,D,D IH S-K AA M-B AO B-Y UW-L EY T-EH D
DISCOMBOBULATES,D,I,S,C,O,M,B,O,B,U,L,A,T,E,S,,D IH S-K AA M-B AO B-Y UW-L EY T-S
DISCOMBOBULATING,D,I,S,C,O,M,B,O,B,U,L,A,T,I,NG,D IH S-K AA M-B AO B-Y UW LL-EY T-IH NG
DISCONTINUANCE,D,I,S,C,O,N,T,I,N,U,A,N,C,E,D IH S-K AA N-T IH N-Y UW-AE N S
DISCONTINUATION,D,I,S,C,O,N,T,I,N,U,A,TI,O,N,D IH S-K AA N-T IH N-Y UW-EY-SH AA N
DISCONTINUE,D,I,S,C,O,N,T,I,N,U,E,D IH S-K AA N-T IH N-Y UW
DISCONTINUED,D,I,S,C,O,N,T,I,N,UE,D,D IH S-K AA N-T IH N-Y UW-D
DISCONTINUING,D,I,S,C,O,N,T,I,N,U,I,NG,D IH S-K AA N-T IH N-Y UW-IH NG
DISCONTINUITY,D,I,S,C,O,N,T,I,N,U,I,T,Y,D IH S-K AA N-T IH N-Y UW-IH T-IY
DISINGENUOUS,D,I,S,I,NG,E,N,U,OU,S,D IH S-IH N-JH EH N-Y UW-AH S
DISINGENUOUSNESS,D,I,S,I,NG,E,N,U,OU,S,N,E,SS,D IH S-IH N-JH EH N-Y UW-AH S-N EH S
DISPUTABLE,D,I,S,P,U,T,A,B,L,E,D IH S-P Y UW-T AE-B LL
DISPUTATION,D,I,S,P,U,T,A,TI,O,N,D IH S-P Y UW T-EY-SH AA N
DISPUTE,D,I,S,P,U,T,E,,D IH S-P Y UW T
DISPUTED,D,I,S,P,U,T,E,D,D IH S-P Y UW T-EH D
DISPUTES,D,I,S,P,U,T,E,S,,D IH S-P Y UW T-S
DISPUTING,D,I,S,P,U,T,I,NG,D IH S-P Y UW T-IH NG
DISREPUTE,D,I,S,R,E,P,U,T,E,,D IH S-R IH-P Y UW T
DISTRIBUTE,D,I,S,T,R,I,B,U,T,E,,D IH S-T R IH B-Y UW T
DISTRIBUTES,D,I,S,T,R,I,B,U,T,E,S,,D IH S-T R IH B-Y UW T-S
DISTRIBUTING,D,I,S,T,R,I,B,U,T,I,NG,D IH S-T R IH B-Y UW T-IH NG
DISTRIBUTION,D,I,S,T,R,I,B,U,TI,O,N,D IH S-T R IH B-Y UW-SH AA N
DISTRIBUTIONS,D,I,S,T,R,I,B,U,TI,O,N,S,D IH S-T R IH B-Y UW-SH AA N-Z
DISTRIBUTIVE,D,I,S,T,R,I,B,U,T,I,V,E,,D IH S-T R IH B-Y UW T-IH V
DISTRIBUTORSHIP,D,I,S,T,R,I,B,U,T,OR,SH,I,P,D IH S-T R IH B-Y UW T-OR-SH IH P
DISTRIBUTORSHIPS,D,I,S,T,R,I,B,U,T,OR,SH,I,P,S,D IH S-T R IH B-Y UW T-OR-SH IH P-S
DISUNION,D,I,S,U,N,I,O,N,D IH S-Y UW N-IY AH N
DISUNITY,D,I,S,U,N,I,T,Y,D IH S-Y UW-N IH T-IY
DISUSE,D,I,S,U,S,E,,D IH S-Y UW S
DIURETIC,D,I,UR,E,T,I,C,D AY-Y UW R-EH T-IH K
DIVERTICULUM,D,I,V,ER,T,I,C,U,L,U,M,D AY-V ER T-IH K-Y UW-L AH M
DOCUMENT,D,O,C,U,M,E,N,T,D AA K-Y UW-M EH N T
DOCUMENTARIES,D,O,C,U,M,E,N,T,AR,I,E,S,,D AA K-Y UW-M EH N T-ER-IY-Z
DOCUMENTARY,D,O,C,U,M,E,N,T,AR,Y,D AA K-Y UW-M EH N T-ER-IY
DOCUMENTATION,D,O,C,U,M,E,N,T,A,TI,O,N,D AA K-Y UW-M EH N T-EY-SH AA N
DOCUMENTED,D,O,C,U,M,E,N,T,E,D,D AA K-Y UW-M EH N T-EH D
DOCUMENTING,D,O,C,U,M,E,N,T,I,NG,D AA K-Y UW-M EH N T-IH NG
DOCUMENTS,D,O,C,U,M,E,N,T,S,D AA K-Y UW-M EH N T-S
DRACULA,D,R,A,C,U,L,A,D R AE K-Y UW-L AH
DULANEY,D,U,L,A,N,EY,,D Y UW-L AH-N IY
DURENE,D,UR,E,N,E,,D Y UW R IY N
ECUMENICAL,E,C,U,M,E,N,I,C,A,L,EH-K Y UW-M EH N-IH K-AE LL
EDUCATE,E,D,U,C,A,T,E,EH D-Y UW-K EY T
EDUCATED,E,D,U,C,A,T,E,D,EH D-Y UW-K EY T-EH D
EDUCATES,E,D,U,C,A,T,E,S,EH D-Y UW-K EY T-S
EDUCATING,E,D,U,C,A,T,I,NG,EH D-Y UW-K EY T-IH NG
EDUCATION,E,D,U,C,A,TI,O,N,EH D-Y UW-K EY-SH AA N
EDUCATIONAL,E,D,U,C,A,TI,O,N,A,L,EH D-Y UW-K EY-SH AA N-AE LL
EDUCATIONALLY,E,D,U,C,A,TI,O,N,A,L,L,Y,EH D-Y UW-K EY-SH AA N-AE LL-L IY
EDUCATIONS,E,D,U,C,A,TI,O,N,S,EH D-Y UW-K EY-SH AA N-Z
EDUCATOR,E,D,U,C,A,T,OR,EH D-Y UW-K EY T-OR
EDUCATORS,E,D,U,C,A,T,OR,S,EH D-Y UW-K EY T-OR-Z
EFFUSIVE,E,F,F,U,S,I,V,E,,EH F-F Y UW S-IH V
EFFUSIVELY,E,F,F,U,S,I,V,E,L,Y,,IH F-F Y UW S-IH V-L IY
EIGENVALUE,E,I,G,E,N,V,A,L,U,E,AY-G EH N-V AE LL-Y UW
EJACULATE,E,J,A,C,U,L,A,T,E,,IH-JH AE K-Y UW-L EY T
EJACULATION,E,J,A,C,U,L,A,TI,O,N,IY-JH AE K-Y UW-L EY-SH AA N
ELECTROCUTE,E,L,E,C,T,R,O,C,U,T,E,,IY-L EH K-T R OW-K Y UW T
ELECTROCUTED,E,L,E,C,T,R,O,C,U,T,E,D,IY-L EH K-T R OW-K Y UW T-EH D
ELECTROCUTION,E,L,E,C,T,R,O,C,U,TI,O,N,IY-L EH K-T R OW-K Y UW-SH AA N
ELECTROCUTIONS,E,L,E,C,T,R,O,C,U,TI,O,N,S,IY-L EH K-T R OW-K Y UW-SH AA N-Z
ELOCUTION,E,L,O,C,U,TI,O,N,EH LL-AH-K Y UW-SH AA N
EMANUEL,E,M,A,N,U,E,L,,IH-M AE N-Y UW-AE LL
EMASCULATE,E,M,A,S,C,U,L,A,T,E,,AH-M AE S-K Y UW-L EY T
EMASCULATED,E,M,A,S,C,U,L,A,T,E,D,AH-M AE S-K Y UW-L EY T-EH D
EMMANUEL,E,M,M,A,N,U,E,L,,EH M-M AE N-Y UW-EH LL
EMU,E,M,U,IY-M Y UW
EMULATE,E,M,U,L,A,T,E,EH M-Y UW-L EY T
EMULATED,E,M,U,L,A,T,E,D,EH M-Y UW-L EY T-EH D
EMULATES,E,M,U,L,A,T,E,S,,EH M-Y UW-L EY T-S
EMULATING,E,M,U,L,A,T,I,NG,EH M-Y UW LL-EY T-IH NG
EMULATION,E,M,U,L,A,TI,O,N,EH M-Y UW LL-EY-SH AA N
EMULATOR,E,M,U,L,A,T,OR,EH M-Y UW LL-EY T-OR
ENDUSER,E,N,D,U,S,ER,,EH N D-Y UW Z-ER
ENDUSERS,E,N,D,U,S,ER,S,EH N D-Y UW Z-ER-Z
EQUIANGULAR,E,Q,U,I,A,N,G,U,L,AR,IY-K W IY-AE NG-G Y UW-L AR
ERUDITE,E,R,U,D,I,T,E,AIR-Y UW D-AY T
ERUDITION,E,R,U,D,I,TI,O,N,AIR-Y UW  D-IH-SH AA N
ETHNOMUSICOLOGIST,E,TH,N,O,M,U,S,I,C,O,L,O,G,I,S,T,EH TH-N AH-M Y UW Z-IH K-AA-L OW JH-IH S T
EUCALYPTUS,E,U,C,A,L,Y,P,T,U,S,Y UW-K AE-L IH P-T AH S
EUCHARIST,E,U,CH,AR,I,S,T,Y UW-K ER-IH S T
EUCHRE,E,U,CHR,E,Y UW K-ER
EUCLEA,E,U,C,L,E,A,,Y UW-K LL-IY AH
EUCLID,E,U,C,L,I,D,Y UW-K L IH D
EUDORA,E,U,D,OR,A,Y UW-D AO-R AH
EUGENE,E,U,G,E,N,E,Y UW-JH IY N
EUGENIA,E,U,G,E,N,I,A,Y UW-JH IY N-IY-AH
EUGENIC,E,U,G,E,N,I,C,Y UW-JH EH N-IH K
EUGENICS,E,U,G,E,N,I,C,S,Y UW-JH EH N-IH K-S
EUGENIE,EU,G,E,N,IE,Y UW-JH IY N-IY
EUGENIO,E,U,G,E,N,I,O,Y UW-JH IY N-IY-OW
EULA,E,U,L,A,Y UW-L AH
EULEXIA,E,U,L,E,X,I,A,Y UW-L EH K S-IY-AH
EULEXIC,E,U,L,E,X,I,C,Y UW-L EH K S-IH K
EULOGISE,E,U,L,O,G,I,S,E,Y UW-L AH JH-AY Z
EULOGISED,E,U,L,O,G,I,S,E,D,Y UW-L AH JH-AY Z-D
EULOGISES,E,U,L,O,G,I,S,E,S,Y UW-L AH JH-AY Z-EH Z
EULOGISING,E,U,L,O,G,I,S,I,NG,Y UW-L AH JH-AY Z-D
EULOGIZE,E,U,L,O,G,I,Z,E,Y UW-L AH JH-AY Z
EULOGIZED,E,U,L,O,G,I,Z,E,D,Y UW-L AH JH-AY Z-D
EULOGIZES,E,U,L,O,G,I,Z,E,S,Y UW-L AH JH-AY Z-EH Z
EULOGIZING,E,U,L,O,G,I,Z,I,NG,Y UW-L AH JH-AY Z-D
EULOGY,E,U,L,O,G,Y,Y UW-L AA JH-IY
EUNICE,E,U,N,I,C,E,Y UW-N IH S
EUNUCH,E,U,N,U,CH,Y UW-N AH K
EUPHEMIA,E,U,PH,E,M,I,A,Y UW-F IY M-IY-AH
EUPHEMISM,E,U,PH,E,M,I,S,M,Y UW-F AH M-IH Z M
EUPHEMISMS,E,U,PH,E,M,I,S,M,S,Y UW-F AH M-IH Z M-Z
EUPHEMISTIC,E,U,PH,E,M,I,S,T,I,C,Y UW-F AH M-IH S T-IH K
EUPHEMISTICALLY,E,U,PH,E,M,I,S,T,I,C,A,L,L,Y,Y UW-F AH M-IH S T-IH K-AE LL-L IY
EUPHONY,E,U,PH,O,N,Y,Y UW-F AH-N IY
EUPHORIA,E,U,PH,OR,I,A,Y UW-F OR-IY-AH
EUPHORIC,E,U,PH,OR,I,C,Y UW-F OR-IH K
EUPHORY,E,U,PH,OR,Y,Y UW-F OR-IY
EUPHRATES,E,U,PH,R,A,T,E,S,Y UW-F R EY-T IY Z
EURE,E,UR,E,Y UW R
EUROCRAT,E,UR,O,C,R,A,T,Y UW-R OW-K R AE T
EURODOLLAR,E,UR,O,D,O,L,L,AR,Y UW-R OW-D AA LL-L AR
EURODOLLARS,E,UR,O,D,O,L,L,AR,S,Y UW-R OW-D AA LL-L AR-Z
EUROMARKET,E,UR,O,M,AR,K,E,T,Y UW-R OW-M AR-K IH T
EUSTACE,E,U,S,T,A,C,E,Y UW-S T EY S
EUSTACHIAN,E,U,S,T,A,CH,I,A,N,Y UW-S T EY K-IY-AE N
EUSTACIA,E,U,S,T,A,C,I,A,Y UW-S T AA-CH IY-AH
EUSTICE,E,U,S,T,I,C,E,Y UW-S T IH S
EUSTIS,E,U,S,T,I,S,Y UW-S T AH S
EUTHANASIA,E,U,TH,A,N,A,S,I,A,Y UW-TH AH N-EY ZH-IY-AH
EVACUEE,E,V,A,C,U,EE,IY-V AE K-Y UW IY
EVALUATE,E,V,A,L,U,A,T,E,,IY-V AE LL-Y UW-EY T
EVALUATED,E,V,A,L,U,A,T,E,D,IY-V AE LL-Y UW-EY T-EH D
EVALUATES,E,V,A,L,U,A,T,E,S,,IY-V AE LL-Y UW-EY T-S
EVALUATING,E,V,A,L,U,A,T,I,NG,,IY-V AE LL-Y UW-EY T-IH NG
EVALUATION,E,V,A,L,U,A,TI,O,N,IY-V AE LL-Y UW-EY-SH AA N
EVALUATIONS,E,V,A,L,U,A,TI,O,N,S,IY-V AE LL-Y UW-EY-SH AA N-Z
EWALD,E,W,A,L,D,Y UW AE LL D
EWAN,E,W,A,N,Y UW-AE N
EWE,E,W,E,Y UW
EWELL,E,W,E,LL,Y UW-EH LL
EWER,E,W,ER,Y UW-ER
EWING,E,W,I,NG,Y UW-IH NG
EXACTITUDE,E,X,A,C,T,I,T,U,D,E,,EH G Z-AE K T-AH T-Y UW D
EXCOMMUNICATE,E,X,C,O,M,M,U,N,I,C,A,T,E,EH K S-K AH M-M Y UW N-IH K-EY T
EXCOMMUNICATED,E,X,C,O,M,M,U,N,I,C,A,T,E,D,EH K S-K AH M-M Y UW N-IH K-EY T-EH D
EXCOMMUNICATION,E,X,C,O,M,M,U,N,I,C,A,TI,O,N,EH K S-K AH M-M Y UW N-IH K-EY-SH AA N
EXCUSABLE,E,X,C,U,S,A,B,L,E,,IH K S-K Y UW Z-AE-B LL
EXCUSE,E,X,C,U,S,E,,IH K S-K Y UW S
EXCUSED,E,X,C,U,S,E,D,IH K S-K Y UW Z-D
EXCUSES,E,X,C,U,S,E,S,,IH K S-K Y UW S-EH Z
EXCUSING,E,X,C,U,S,I,NG,,IH K S-K Y UW Z-IH NG
EXECUTE,E,X,E,C,U,T,E,,EH K S-EH K-Y UW T
EXECUTED,E,X,E,C,U,T,E,D,EH K S-EH K-Y UW T-EH D
EXECUTES,E,X,E,C,U,T,E,S,,EH K S-EH K-Y UW T-S
EXECUTING,E,X,E,C,U,T,I,NG,,EH K S-EH K-Y UW T-IH NG
EXECUTION,E,X,E,C,U,TI,O,N,,EH K S-EH K-Y UW-SH AA N
EXECUTIONER,E,X,E,C,U,TI,O,N,ER,,EH K S-EH K-Y UW-SH AA N-ER
EXECUTIONERS,E,X,E,C,U,TI,O,N,ER,S,,EH K S-EH K-Y UW-SH AA N-ER-Z
EXECUTIONS,E,X,E,C,U,TI,O,N,S,,EH K S-EH K-Y UW-SH AA N-Z
EXHUMATION,E,X,H,U,M,A,TI,O,N,,EH K S-HH Y UW M-EY-SH AA N
EXHUME,E,X,H,U,M,E,,EH K S-HH Y UW M
EXHUMED,E,X,H,U,M,E,D,EH K S-HH Y UW M-D
EXTENUATE,E,X,T,E,N,U,A,T,E,,EH K S-T EH N-Y UW-EY T
EXTENUATING,E,X,T,E,N,U,A,T,I,NG,,EH K S-T EH N-Y UW-EY T-IH NG
EXTRACELLULARLY,E,X,T,R,A,C,E,LL,U,L,AR,L,Y,EH K S-T R AE-S EH LL-Y UW LL-AR-L IY
EXTRACURRICULAR,E,X,T,R,A,C,UR,R,I,C,U,L,AR,,EH K S-T R AE-K ER-R IH K-Y UW-L AR
EXUBERANCE,E,X,UB,ER,A,N,C,E,EH G Z-Y UW-B ER-AE N S
EXUBERANT,E,X,UB,ER,A,N,T,,EH G Z-Y UW-B ER-AE N T
FABULOUS,F,A,B,U,L,OU,S,,F AE B-Y UW LL-AH S
FABULOUSLY,F,A,B,U,L,OU,S,L,Y,,F AE B-Y UW LL-AH S-L IY
FAIRVIEW,F,AIR,V,IEW,F AIR-V Y UW
FANEUIL,F,A,N,EU,I,L,F AE N-Y UW-IH LL
FATUOUS,F,A,T,U,OU,S,,F AE CH-Y UW-AH S
FESCUE,F,E,S,C,U,E,F EH S-K Y UW
FEUD,F,EU,D,F Y UW D
FEUDAL,F,EU,D,A,L,F Y UW D-AE LL
FEUDALISM,F,EU,D,A,L,I,S,M,,F Y UW D-AE LL-IH Z M
FEUDALISTIC,F,EU,D,A,L,I,S,T,I,C,F Y UW D-AE LL-IH S T-IH K
FEVERFEW,F,E,V,ER,F,E,W,F IY-V ER-F Y UW
FEW,F,E,W,F Y UW
FEWEST,F,E,W,E,S,T,F Y UW-EH S T
FIBULA,F,I,B,U,L,A,,F IH B-Y UW LL-AH
FITZHUGH,F,I,T,Z,H,U,G,H,F IH T S-HH Y UW
FLATULENT,F,L,A,T,U,L,E,N,T,F L AE CH-Y UW LL-EH N T
FONDUE,F,O,N,D,U,E,F AA N-D Y UW
FORMULA,F,OR,M,U,L,A,,F OR M-Y UW LL-AH
FORMULAIC,F,OR,M,U,L,A,I,C,,F OR M-Y UW LL-EY-IH K
FORMULARY,F,OR,M,U,L,AR,Y,,F OR M-Y UW LL-AIR-IY
FORMULAS,F,OR,M,U,L,A,S,,F OR M-Y UW LL-AE-Z
FORMULATE,F,OR,M,U,L,A,T,E,,F OR M-Y UW-L EY T
FORMULATES,F,OR,M,U,L,A,T,E,S,,F OR M-Y UW-L EY T-S
FORMULATING,F,OR,M,U,L,A,T,I,NG,,F OR M-Y UW LL-EY T-IH NG
FORMULATION,F,OR,M,U,L,A,TI,O,N,,F OR M-Y UW LL-EY-SH AA N
FORMULATIONS,F,OR,M,U,L,A,TI,O,N,S,,F OR M-Y UW LL-EY-SH AA N-Z
FORTITUDE,F,OR,T,I,T,U,D,E,F OR T-IH T-Y UW D
FRAUDULENT,F,R,AU,D,U,L,E,N,T,F R AO JH-Y UW-L EH N T
FRENULUM,F,R,E,N,U,L,U,M,,F R EH N-Y UW LL-AH M
FUCHS,F,U,C,H,S,F Y UW K-S
FUEL,F,U,E,L,,F Y UW-EH LL
FUELED,F,U,E,L,ED,F Y UW-EH LL-D
FUELING,F,U,E,L,I,NG,F Y UW-EH LL-IH NG
FUELLED,F,U,E,L,L,ED,F Y UW-EH LL-LL-D
FUELLING,F,U,E,L,L,I,NG,F Y UW-EH LL-LL-IH NG
FUELS,F,U,E,L,S,F Y UW-EH LL-S
FUGARD,F,U,G,AR,D,,F Y UW-G AR D
FUGITIVE,F,U,G,I,T,I,V,E,,F Y UW-JH IH T-IH V
FUGUE,F,U,G,U,E,,F Y UW G
FUME,F,U,M,E,,F Y UW M
FUMED,F,U,M,E,D,F Y UW M-D
FUMIGATE,F,U,M,I,G,A,T,E,,F Y UW M-AH G-EY T
FUMIGATING,F,U,M,I,G,A,T,I,NG,,F Y UW M-IH G-EY T-IH NG
FUMIGATION,F,U,M,I,G,A,TI,O,N,,F Y UW M-IH G-EY-SH AA N
FUMING,F,U,M,I,NG,,F Y UW M-IH NG
FUNERAL,F,U,N,ER,A,L,,F Y UW-N ER-AE LL
FUNERALS,F,U,N,ER,A,L,S,,F Y UW-N ER-AE LL-Z
FUNERARY,F,U,N,ER,AR,Y,,F Y UW-N ER-AIR-IY
FURIOUS,F,UR,I,OU,S,,F Y UW-R IY-AH S
FURIOUSLY,F,UR,I,OU,S,L,Y,,F Y UW-R IY-AH S-L IY
FUSE,F,U,S,E,,F Y UW Z
FUSED,F,U,S,E,D,F Y UW Z-D
FUSELAGE,F,U,S,E,L,A,G,E,,F Y UW-S EH LL-AA ZH
FUSELAGES,F,U,S,E,L,A,G,E,S,,F Y UW-S EH LL-AA JH-IH Z
FUSES,F,U,S,E,S,,F Y UW Z-EH Z
FUSIBLE,F,U,S,I,B,L,E,,F Y UW Z-IH-B LL
FUSILLADE,F,U,S,I,L,L,A,D,E,F Y UW-S IH LL-LL-EY D
FUSING,F,U,S,I,NG,,F Y UW Z-IH NG
FUSION,F,U,SI,O,N,,F Y UW-ZH AA N
FUTILE,F,U,T,I,L,E,,F Y UW T-IH LL
FUTILITY,F,U,T,I,L,I,T,Y,,F Y UW T-IH LL-IH T-IY
FUTURE,F,U,T,UR,E,F Y UW-CH ER
FUTURES,F,U,T,UR,E,S,F Y UW-CH ER-Z
FUTURISM,F,U,T,UR,I,S,M,,F Y UW-CH ER-IH Z M
FUTURIST,F,U,T,UR,I,S,T,,F Y UW-CH ER-IH S T
FUTURISTIC,F,U,T,UR,I,S,T,I,C,,F Y UW-CH ER-IH S T-IH K
GASTROVASCULAR,G,A,S,T,R,O,V,A,S,C,U,L,AR,,G AE S-T R OW-V AE S-K Y UW LL-AR
GENUINE,G,E,N,U,I,N,E,,JH EH N-Y UW-IH N
GENUINELY,G,E,N,U,I,N,E,L,Y,,JH EH N-Y UW-IH N-L IY
GENUINENESS,G,E,N,U,I,N,E,N,E,SS,JH EH N-Y UW-IH-N EH S
GEWGAW,G,E,W,G,A,W,G Y UW-G AA
GLANDULAR,G,L,A,N,D,U,L,AR,G L AE N-JH Y UW-L AR
GLENVIEW,G,L,E,N,V,IEW,G L EH N-V Y UW
GLOBULAR,G,L,O,B,U,L,AR,,G L AA B-Y UW LL-AR
GLOBULIN,G,L,O,B,U,L,I,N,,G L AA B-Y UW LL-IH N
GOODHUE,G,OO,D,H,U,E,G UH D-HH Y UW
GRADUAL,G,R,A,D,U,A,L,G R AE JH-Y UW-W-AE LL
GRADUALISM,G,R,A,D,U,A,L,I,S,M,,G R AE JH-Y UW-W-AE LL-IH-Z-AH M
GRADUALIST,G,R,A,D,U,A,L,I,S,T,,G R AE JH-Y UW-W-AE LL-IH-S T
GRADUATE,G,R,A,D,U,A,T,E,,G R AE JH-Y UW W-AE T
GRADUATES,G,R,A,D,U,A,T,E,S,,G R AE JH-Y UW W-AE T-S
GRADUATING,G,R,A,D,U,A,T,I,NG,,G R AE JH-Y UW W-EY T-IH NG
GRANDNEPHEW,G,R,A,N,D,N,E,PH,E,W,G R AE N D-N EH F-Y UW
GRANDNEPHEWS,G,R,A,N,D,N,E,PH,E,W,S,G R AE N D-N EH F-Y UW-Z
GRANDVIEW,G,R,A,N,D,V,IEW,G R AE N D-V Y UW
GRANULAR,G,R,A,N,U,L,AR,,G R AE N-Y UW LL-AR
GRANULATION,G,R,A,N,U,L,A,TI,O,N,,G R AE N-Y UW LL-EY-SH AA N
GRANULE,G,R,A,N,U,L,E,G R AE N-Y UW LL
GUDE,G,U,D,E,,G Y UW D
GUJARAT,G,U,JA,R,A,T,,G Y UW JH-ER-AE T
GULA,G,U,L,A,,G Y UW-L AH
GULAG,G,U,L,A,G,,G Y UW-L AE G
HABITUAL,H,A,B,I,T,U,A,L,HH AE B-IH CH-Y UW-AE L
HABITUALLY,H,A,B,I,T,U,A,L,L,Y,HH AE B-IH CH-Y UW-AE LL-L IY
HECUBA,H,E,C,U,B,A,,HH EH K-Y UW-B AH
HERCULEAN,H,ER,C,U,L,EA,N,,HH ER-K Y UW LL-IY-AE N
HERCULES,H,ER,C,U,L,E,S,,HH ER-K Y UW LL-IY Z
HETEROSEXUAL,H,E,T,ER,O,S,E,X,U,A,L,,HH EH T-ER-OW-S EH K S-Y UW-AE LL
HETEROSEXUALITY,H,E,T,ER,O,S,E,X,U,A,L,I,T,Y,,HH EH T-ER-OW-S EH K S-Y UW-AE LL-IH T-IY
HETEROSEXUALS,H,E,T,ER,O,S,E,X,U,A,L,S,,HH EH T-ER-OW-S EH K S-Y UW-AE LL-Z
HEW,H,E,W,HH Y UW
HEWER,H,E,W,ER,HH Y UW-ER
HEWETT,H,E,W,E,TT,HH Y UW-IH T
HEWING,H,E,W,I,NG,HH Y UW-IH NG
HEWITT,H,E,W,I,TT,HH Y UW-IH T
HEWLETT,H,E,W,L,E,TT,HH Y UW-L IH T
HEWN,H,E,W,N,HH Y UW N
HOMOSEXUAL,H,O,M,O,S,E,X,U,A,L,,HH OW-M OW-S EH K SH-Y UW-AE LL
HOMOSEXUALITY,H,O,M,O,S,E,X,U,A,L,I,T,Y,,HH OW-M OW-S EH K SH-Y UW-AE LL-IH T-IY
HOMOSEXUALS,H,O,M,O,S,E,X,U,A,L,S,,HH OW-M OW-S EH K SH-Y UW-AE LL-Z
HUBERT,H,U,B,ER,T,,HH Y UW B-ER T
HUBRIS,H,U,B,R,I,S,,HH Y UW B R-AH S
HUE,H,U,E,HH Y UW
HUED,H,UE,D,HH Y UW-D
HUEY,H,U,EY,HH Y UW-IY
HUGH,H,U,G,H,HH Y UW AH
HUGHES,H,U,G,H,E,S,HH Y UW AH-Z
HUGHIE,H,U,G,H,IE,HH Y UW AH-IY
HUGO,H,U,G,O,,HH Y UW-G OW
HUGOTON,H,U,G,O,T,O,N,,HH Y UW-G OW-T AA N
HUGUENOT,H,U,G,U,E,N,O,T,,HH Y UW-G EH-N AA T
HUMAN,H,U,M,A,N,,HH Y UW-M AE N
HUMANA,H,U,M,A,N,A,,HH Y UW-M AE N-AH
HUMANE,H,U,M,A,N,E,,HH Y UW-M EY N
HUMANELY,H,U,M,A,N,E,L,Y,,HH Y UW-M EY N-L IY
HUMANISE,H,U,M,A,N,I,S,E,HH Y UW-M AE N-AY Z
HUMANISED,H,U,M,A,N,I,S,E,D,HH Y UW-M AE N-AY Z-D
HUMANISES,H,U,M,A,N,I,S,E,S,,HH Y UW-M AE N-AY Z-IH Z
HUMANISING,H,U,M,A,N,I,S,I,NG,,HH Y UW-M AE N-AY Z-IH NG
HUMANISM,H,U,M,A,N,I,S,M,,HH Y UW-M AE N-IH Z M
HUMANIST,H,U,M,A,N,I,S,T,,HH Y UW-M AE N-IH S T
HUMANISTIC,H,U,M,A,N,I,S,T,I,C,,HH Y UW-M AE N-IH S T-IH K
HUMANITARIAN,H,U,M,A,N,I,T,AR,I,A,N,,HH Y UW-M AE N-IH T-AIR-IY-AE N
HUMANITARIANS,H,U,M,A,N,I,T,AR,I,A,N,S,,HH Y UW-M AE N-IH T-AIR-IY-AE N-Z
HUMANITIES,H,U,M,A,N,I,T,I,E,S,,HH Y UW-M AE N-IH T-IY-Z
HUMANITY,H,U,M,A,N,I,T,Y,,HH Y UW-M AE N-IH T-IY
HUMANIZE,H,U,M,A,N,I,Z,E,HH Y UW-M AE N-AY Z
HUMANIZED,H,U,M,A,N,I,Z,E,D,HH Y UW-M AE N-AY Z-D
HUMANIZES,H,U,M,A,N,I,Z,E,S,,HH Y UW-M AE N-AY Z-IH Z
HUMANIZING,H,U,M,A,N,I,Z,I,NG,,HH Y UW-M AE N-AY Z-IH NG
HUMANKIND,H,U,M,A,N,K,I,N,D,,HH Y UW-M AE N-K AY N-D
HUMANLY,H,U,M,A,N,L,Y,,HH Y UW-M AE N-L IY
HUMANNESS,H,U,M,A,N,N,E,SS,,HH Y UW-M AE N-N EH S
HUMANOID,H,U,M,A,N,OI,D,,HH Y UW-M AE N-OY D
HUMANS,H,U,M,A,N,S,,HH Y UW-M AE N-Z
HUME,H,U,M,E,,HH Y UW M
HUMERUS,H,U,M,ER,U,S,,HH Y UW M-ER-AH S
HUMID,H,U,M,I,D,,HH Y UW-M IH D
HUMIDIFIER,H,U,M,I,D,I,F,I,ER,,HH Y UW-M IH D-IH F-AY-ER
HUMIDIFIERS,H,U,M,I,D,I,F,I,ER,S,,HH Y UW-M IH D-IH F-AY-ER-Z
HUMIDITY,H,U,M,I,D,I,T,Y,,HH Y UW-M IH D-IH T-IY
HUMIDOR,H,U,M,I,D,OR,,HH Y UW-M IH D-OR
HUMILIATE,H,U,M,I,L,I,A,T,E,,HH Y UW-M IH LL-IY-EY T
HUMILIATED,H,U,M,I,L,I,A,T,E,D,HH Y UW-M IH LL-IY-EY T-EH D
HUMILIATING,H,U,M,I,L,I,A,T,I,NG,,HH Y UW-M IH LL-IY-EY T-IH NG
HUMILIATION,H,U,M,I,L,I,A,TI,O,N,,HH Y UW-M IH LL-IY-EY-SH AA N
HUMILITY,H,U,M,I,L,I,T,Y,,HH Y UW-M IH LL-IH T-IY
HUMOR,H,U,M,OR,,HH Y UW-M ER
HUMORAL,H,U,M,OR,A,L,,HH Y UW-M ER-AE LL
HUMORED,H,U,M,OR,ED,HH Y UW-M ER-D
HUMORIST,H,U,M,OR,I,S,T,,HH Y UW-M ER-IH S T
HUMORISTS,H,U,M,OR,I,S,T,S,,HH Y UW-M ER-IH S T-S
HUMORLESS,H,U,M,OR,L,E,SS,,HH Y UW-M ER-L EH S
HUMOROUS,H,U,M,OR,OU,S,HH Y UW-M ER-AH S
HUMOROUSLY,H,U,M,OR,OU,S,L,Y,HH Y UW-M ER-AH S-L IY
HUMOUR,H,U,M,O,UR,,HH Y UW-M ER
HUMOURED,H,U,M,O,UR,E,D,HH Y UW-M ER-D
HUMOURIST,H,U,M,O,UR,I,S,T,,HH Y UW-M ER-IH S T
HUMOURISTS,H,U,M,O,UR,I,S,T,S,,HH Y UW-M ER-IH S T-S
HUMOURLESS,H,U,M,O,UR,L,E,SS,,HH Y UW-M ER-L EH S
HUMOUROUS,H,U,M,O,UR,OU,S,HH Y UW-M ER-AH S
HUMOUROUSLY,H,U,M,O,UR,OU,S,L,Y,HH Y UW-M ER-AH S-L IY
HUMUS,H,U,M,U,S,,HH Y UW M-AH S
HURON,H,UR,O,N,,HH Y UW R-AA N
IMBUE,I,M,B,U,E,IH M-B Y UW
IMBUED,I,M,B,UE,D,IH M-B Y UW D
IMMACULATE,I,M,M,A,C,U,L,A,T,E,,IH M-M AE K-Y UW-L EY T
IMMACULATELY,I,M,M,A,C,U,L,A,T,E,L,Y,,IH M-M AE K-Y UW-L EY T-L IY
IMMUNE,I,M,M,U,N,E,,IH M-M Y UW N
IMMUNISATION,I,M,M,U,N,I,S,A,TI,O,N,IH M-M Y UW N-IH Z-EY-SH AA N
IMMUNISE,I,M,M,U,N,I,S,E,IH M-M Y UW N-AY Z
IMMUNISED,I,M,M,U,N,I,S,E,D,IH M-M Y UW N-AY Z-D
IMMUNISING,I,M,M,U,N,I,S,I,NG,IH M-M Y UW N-AY Z-IH NG
IMMUNITIES,I,M,M,U,N,I,T,I,E,S,,IH M-M Y UW N-IH T-IY-Z
IMMUNITY,I,M,M,U,N,I,T,Y,,IH M-M Y UW N-IH T-IY
IMMUNIZATION,I,M,M,U,N,I,Z,A,TI,O,N,,IH M-M Y UW N-IH Z-EY-SH AA N
IMMUNIZE,I,M,M,U,N,I,Z,E,,IH M-M Y UW N-AY Z
IMMUNIZED,I,M,M,U,N,I,Z,E,D,IH M-M Y UW N-AY Z-D
IMMUNIZING,I,M,M,U,N,I,Z,I,NG,,IH M-M Y UW N-AY Z-IH NG
IMMUNOLOGIST,I,M,M,U,N,O,L,O,G,I,S,T,,IH M-M Y UW N-AA-L OW JH-IH S T
IMMUNOLOGY,I,M,M,U,N,O,L,O,G,Y,,IH M-M Y UW N-OW-L AA JH-IY
IMMUNOTHERAPY,I,M,M,U,N,O,TH,ER,A,P,Y,,IH M-M Y UW N-OW-TH AIR-AE P-IY
IMMUTABLE,I,M,M,U,T,A,B,L,E,IH M-M Y UW T-AE-B LL
IMPETUOUS,I,M,P,E,T,U,OU,S,IH M-P EH CH-Y UW-AH S
IMPROMPTU,I,M,P,R,O,M,P,T,U,IH M-P R AA M P T-Y UW
IMPUDENT,I,M,P,U,D,E,N,T,IH M-P Y UW D-EH N T
IMPUGN,I,M,P,U,G,N,IH M-P Y UW N
IMPUNITY,I,M,P,U,N,I,T,Y,,IH M-P Y UW N-IH T-IY
IMPUTATION,I,M,P,U,T,A,TI,O,N,,IH M-P Y UW T-EY-SH AA N
IMPUTE,I,M,P,U,T,E,,IH M-P Y UW T
IMPUTED,I,M,P,U,T,E,D,,IH M-P Y UW T-EH D
INACCURACIES,I,N,A,C,C,UR,A,C,I,E,S,IH N-AE K-K Y UW-R AE-S IY-Z
INARTICULATE,I,N,AR,T,I,C,U,L,A,T,E,,IH N-AR-T IH K-Y UW-L AE T
INCALCULABLE,I,N,C,A,L,C,U,L,A,B,L,E,,IH N-K AE LL-K Y UW LL-AE-B LL
INCESTUOUS,I,N,C,E,S,T,U,OU,S,IH N-S EH S-CH Y UW-AH S
INCOMMUNICADO,I,N,C,O,M,M,U,N,I,C,A,D,O,,IH N-K AA M-M Y UW N-IH K-AA D-OW
INCONCLUSIVE,I,N,C,O,N,C,L,U,S,I,V,E,IH N-K AA N-K L Y UW S-IH V
INCONCLUSIVELY,I,N,C,O,N,C,L,U,S,I,V,E,L,Y,IH NG-K AA N-K L Y UW S-IH V-L IY
INCONGRUITY,I,N,C,O,N,G,R,U,I,T,Y,IH NG-K AO NG-G R Y UW-IH T-IY
INCONGRUOUS,I,N,C,O,N,G,R,U,OU,S,IH NG-K AO NG-G R Y UW-AH S
INCONGRUOUSLY,I,N,C,O,N,G,R,U,OU,S,L,Y,IH NG-K AO NG-G R Y UW-AH S-L IY
INCONSPICUOUS,I,N,C,O,N,S,P,I,C,U,OU,S,IH NG-K AA N-S P IH K-Y UW-AH S
INCREDULOUS,I,N,C,R,E,D,U,L,OU,S,IH N-K R EH JH-Y UW LL-AH S
INCUBATE,I,N,C,U,B,A,T,E,,IH NG-K Y UW B-EY T
INCUBATED,I,N,C,U,B,A,T,E,S,IH NG-K Y UW B-EY T-EH D
INCUBATES,I,N,C,U,B,A,T,E,S,IH NG-K Y UW B-EY T-S
INCUBATING,I,N,C,UB,A,T,I,NG,,IH NG-K Y UW B-EY T-IH NG
INCUBATION,I,N,C,U,B,A,TI,O,N,,IH NG-K Y UW B-EY-SH AA N
INCUBATOR,I,N,C,U,B,A,T,OR,IH NG-K Y UW B-EY T-OR
INDISPUTABLE,I,N,D,I,S,P,U,T,A,B,L,E,,IH N-D IH S-P Y UW T-AE-B LL
INDISPUTABLY,I,N,D,I,S,P,U,T,A,BL,Y,,IH N-D IH S-P Y UW T-AE-B LL-IY
INDIVIDUAL,I,N,D,I,V,I,D,U,A,L,,IH N-D IH V-IH JH-Y UW-AE LL
INDIVIDUALISE,I,N,D,I,V,I,D,U,A,L,I,S,E,IH N-D IH V-IH JH-Y UW-AE LL-AY Z
INDIVIDUALISED,I,N,D,I,V,I,D,U,A,L,I,S,E,D,IH N-D IH V-IH JH-Y UW-AE LL-AY Z-D
INDIVIDUALISM,I,N,D,I,V,I,D,U,A,L,I,S,M,,IH N-D IH V-IH D-Y UW-AE LL-IH Z M
INDIVIDUALIST,I,N,D,I,V,I,D,U,A,L,I,S,T,IH N-D IH V-IH D-Y UW-AE LL-IH S T
INDIVIDUALISTIC,I,N,D,I,V,I,D,U,A,L,I,S,T,I,C,IH N-D IH V-IH JH-Y UW-AE LL-IH S T-IH K
INDIVIDUALISTS,I,N,D,I,V,I,D,U,A,L,I,S,T,S,IH N-D IH V-IH JH-Y UW-AE LL-IH S T-S
INDIVIDUALITY,I,N,D,I,V,I,D,U,A,L,I,T,Y,IH N-D IH V-IH JH-Y UW-AE LL-IH T-IY
INDIVIDUALIZE,I,N,D,I,V,I,D,U,A,L,I,Z,E,IH N-D IH V-IH JH-Y UW-AE LL-AY Z
INDIVIDUALIZED,I,N,D,I,V,I,D,U,A,L,I,Z,E,D,IH N-D IH V-IH JH-Y UW-AE LL-AY Z-D
INDIVIDUALLY,I,N,D,I,V,I,D,U,A,L,L,Y,IH N-D IH V-IH JH-Y UW-AE LL-L IY
INDIVIDUALS,I,N,D,I,V,I,D,U,A,LS,,IH N-D IH V-IH JH-Y UW-AE LL-Z
INEPTITUDE,I,N,E,P,T,I,T,U,D,E,IH N-EH P T-IH T-Y UW D
INEXCUSABLE,I,N,E,X,C,U,S,A,B,L,E,IH N-EH K S-K Y UW Z-AE-B LL
INEXCUSABLY,I,N,E,X,C,U,S,A,B,L,Y,IH N-EH K S-K Y UW Z-AE-B LL-IY
INFATUATE,I,N,F,A,T,U,A,T,E,IH N-F AE CH-Y UW-EY T
INFATUATED,I,N,F,A,T,U,A,T,E,D,IH N-F AE CH-Y UW-EY T-EH D
INFATUATES,I,N,F,A,T,U,A,T,E,S,IH N-F AE CH-Y UW-EY T-S
INFATUATING,I,N,F,A,T,U,A,T,I,NG,IH N-F AE CH-Y UW-EY T-IH NG
INFATUATION,I,N,F,A,T,U,A,TI,O,N,IH N-F AE CH-Y UW-EY-SH AA N
INFUSE,I,N,F,U,S,E,,IH N-F Y UW Z
INFUSED,I,N,F,U,S,E,D,IH N-F Y UW Z-D
INFUSES,I,N,F,U,S,E,S,,IH N-F Y UW Z-IH Z
INFUSING,I,N,F,U,S,I,NG,,IH N-F Y UW Z-IH NG
INFUSION,I,N,F,U,SI,O,N,,IH N-F Y UW-ZH AA N
INGENUE,I,N,G,E,N,U,E,IH N-JH EH N-Y UW
INGENUITY,I,N,G,E,N,U,I,T,Y,IH N-JH EH N-Y UW-IH T-IY
INGENUOUS,I,N,G,E,N,U,OU,S,IH N-JH EH N-Y UW-AH S
INHUMAN,I,N,H,U,M,A,N,,IH N-HH Y UW-M AE N
INHUMANE,I,N,H,U,M,A,N,E,,IH N-HH Y UW-M EY N
INHUMANITY,I,N,H,U,M,A,N,I,T,Y,,IH N-HH Y UW-M AE N-IH T-IY
INNOCULATE,I,N,N,O,C,U,L,A,T,E,,IH N-N AO K-Y UW-L EY T
INNOCULATED,I,N,N,O,C,U,L,A,T,E,D,IH N-N AO K-Y UW-L EY T-EH D
INNOCULATES,I,N,N,O,C,U,L,A,T,E,S,,IH N-N AO K-Y UW-L EY T-S
INNOCULATING,I,N,N,O,C,U,L,A,T,I,NG,,IH N-N AO K-Y UW LL-EY T-IH NG
INNOCUOUS,I,N,N,O,C,U,OU,S,IH N-N AA K-Y UW-AH S
INNUENDO,I,N,N,U,E,N,D,O,,IH N-N Y UW-EH N-D OW
INNUENDOES,I,N,N,U,E,N,D,O,E,S,IH N-N Y UW-EH N-D OW-Z
INNUENDOS,I,N,N,U,E,N,D,OS,,IH N-N Y UW-EH N-D OW-Z
INOCULATE,I,N,O,C,U,L,A,T,E,,IH N-AA K-Y UW-L EY T
INOCULATED,I,N,O,C,U,L,A,T,E,D,IH N-AA K-Y UW-L EY T-EH D
INOCULATES,I,N,O,C,U,L,A,T,E,S,,IH N-AA K-Y UW-L EY T-S
INOCULATION,I,N,O,C,U,L,A,TI,O,N,,IH N-AA K-Y UW LL-EY-SH AA N
INOCULATIONS,I,N,O,C,U,L,A,TI,O,N,S,,IH N-AA K-Y UW LL-EY-SH AA N-Z
INOPPORTUNE,I,N,O,P,P,OR,T,U,N,E,IH N-AA P-P ER T-Y UW N
INSINUATE,I,N,S,I,N,U,A,T,E,,IH N-S IH N-Y UW-EY T
INSINUATED,I,N,S,I,N,U,A,T,E,D,IH N-S IH N-Y UW-EY T-EH D
INSINUATES,I,N,S,I,N,U,A,T,E,S,,IH N-S IH N-Y UW-EY T-S
INSINUATING,I,N,S,I,N,U,A,T,I,NG,,IH N-S IH N-Y UW-EY T-IH NG
INSINUATION,I,N,S,I,N,U,A,TI,O,N,,IH N-S IH N-Y UW-EY-SH AA N
INSINUATIONS,I,N,S,I,N,U,A,TI,O,N,S,,IH N-S IH N-Y UW-EY-SH AA N-Z
INSOLUBLE,I,N,S,O,L,U,B,L,E,,IH N-S AA LL-Y UW-B L
INSTITUTE,I,N,S,T,I,T,U,T,E,IH N-S T IH T-Y UW T
INSTITUTED,I,N,S,T,I,T,U,T,E,D,IH N-S T IH T-Y UW T-EH D
INSTITUTES,I,N,S,T,I,T,U,T,E,S,IH N-S T IH T-Y UW T-S
INSTITUTING,I,N,S,T,I,T,U,T,I,NG,IH N-S T IH T-Y UW T-IH NG
INSTITUTION,I,N,S,T,I,T,U,TI,O,N,IH N-S T IH T-Y UW-SH AA N
INSTITUTIONAL,I,N,S,T,I,T,U,TI,O,N,A,L,IH N-S T IH T-Y UW-SH AA N-AE LL
INSTITUTIONALISE,I,N,S,T,I,T,U,TI,O,N,A,L,I,S,E,IH N-S T IH T-Y UW-SH AA N-AE LL-AY Z
INSTITUTIONALISED,I,N,S,T,I,T,U,TI,O,N,A,L,I,S,E,D,IH N-S T IH T-Y UW-SH AA N-AE LL-AY Z-D
INSTITUTIONALISES,I,N,S,T,I,T,U,TI,O,N,A,L,I,S,E,S,IH N-S T IH T-Y UW-SH AA N-AE LL-AY Z-EH Z
INSTITUTIONALISING,I,N,S,T,I,T,U,TI,O,N,A,L,I,S,I,NG,IH N-S T IH T-Y UW-SH AA N-AE LL-AY Z-IH NG
INSTITUTIONALIST,I,N,S,T,I,T,U,TI,O,N,A,L,I,S,T,IH N-S T IH T-Y UW-SH AA N-AE LL-IH S T
INSTITUTIONALISTS,I,N,S,T,I,T,U,TI,O,N,A,L,I,S,T,S,IH N-S T IH T-Y UW-SH AA N-AE LL-IH S T-S
INSTITUTIONALIZATION,I,N,S,T,I,T,U,TI,O,N,A,L,I,Z,A,TI,O,N,IH N-S T IH T-Y UW-SH AA N-AE LL-IH Z-EY-SH AA N
INSTITUTIONALIZE,I,N,S,T,I,T,U,TI,O,N,A,L,I,Z,E,IH N-S T IH T-Y UW-SH AA N-AE LL-AY Z
INSTITUTIONALIZED,I,N,S,T,I,T,U,TI,O,N,A,L,I,Z,E,D,IH N-S T IH T-Y UW-SH AA N-AE LL-AY Z-D
INSTITUTIONALIZES,I,N,S,T,I,T,U,TI,O,N,A,L,I,Z,E,S,IH N-S T IH T-Y UW-SH AA N-AE LL-AY Z-EH Z
INSTITUTIONALIZING,I,N,S,T,I,T,U,TI,O,N,A,L,I,Z,I,NG,IH N-S T IH T-Y UW-SH AA N-AE LL-AY Z-IH NG
INSTITUTIONALLY,I,N,S,T,I,T,U,TI,O,N,A,L,L,Y,IH N-S T IH T-Y UW-SH AA N-AE LL-L IY
INSTITUTIONS,I,N,S,T,I,T,U,TI,O,N,S,IH N-S T IH T-Y UW-SH AA N-Z
INTERCELLULAR,I,N,T,ER,C,E,LL,U,L,AR,,IH N-T ER-S EH LL-Y UW LL-AR
INTERLOCUTOR,I,N,T,ER,L,O,C,U,T,OR,,IH N-T ER-L AA K-Y UW T-OR
INTERLOCUTORS,I,N,T,ER,L,O,C,U,T,OR,S,,IH N-T ER-L AA K-Y UW T-OR-Z
INTERMOLECULAR,I,N,T,ER,M,O,L,E,C,U,L,AR,,IH N-T ER-M AH-L EH K-Y UW LL-AR
INTERVIEW,I,N,T,ER,V,IEW,IH N-T ER-V Y UW
INTERVIEWED,I,N,T,ER,V,IEW,E,D,IH N-T ER-V Y UW-D
INTERVIEWEE,I,N,T,ER,V,IEW,EE,IH N-T ER-V Y UW-IY
INTERVIEWEES,I,N,T,ER,V,IEW,EE,S,IH N-T ER-V Y UW-IY-Z
INTERVIEWER,I,N,T,ER,V,IEW,ER,IH N-T ER-V Y UW-ER
INTERVIEWERS,I,N,T,ER,V,IEW,ER,S,IH N-T ER-V Y UW-ER-Z
INTERVIEWING,I,N,T,ER,V,IEW,I,NG,IH N-T ER-V Y UW-IH NG
INTERVIEWS,I,N,T,ER,V,IEW,S,IH N-T ER-V Y UW-Z
INTRAMURAL,I,N,T,R,A,M,U,RA,L,,IH N-T R AE-M Y UW R-AE LL
INTRAOCULAR,I,N,T,R,A,O,C,U,L,AR,,IH N-T R AE-OW K-Y UW LL-AR
INTRAUTERINE,I,N,T,R,A,U,T,ER,I,N,E,,IH N-T R AE-Y UW T-ER-IH N
INUIT,I,N,U,I,T,IH N-Y UW-IH T
IRREFUTABLE,I,R,R,E,F,U,T,A,B,L,E,,IH R-R EH-F Y UW T-AE-B LL
IRREGULAR,I,R,R,E,G,U,L,AR,,IH R-R EH G-Y UW LL-AR
IRREGULARITIES,I,R,R,E,G,U,L,AR,I,T,I,E,S,,IH R-R EH G-Y UW LL-AIR-IH T-IY-Z
IRREGULARITY,I,R,R,E,G,U,L,AR,I,T,Y,,IH R-R EH G-Y UW LL-AIR-IH T-IY
IRREGULARLY,I,R,R,E,G,U,L,AR,L,Y,,IH R-R EH G-Y UW LL-AR-L IY
IRREGULARS,I,R,R,E,G,U,L,AR,S,,IH R-R EH G-Y UW LL-AR-Z
JAGUAR,J,A,G,U,AR,JH AE G-Y UW-AR
JANUARY,J,A,N,U,AR,Y,,JH AE N-Y UW-AIR-IY
JOCULAR,J,O,C,U,L,AR,,JH AA K-Y UW-L AR
JUGULAR,J,U,G,U,L,AR,,JH AH G-Y UW-L AR
JURISPRUDENCE,J,UR,I,S,P,R,U,D,E,N,C,E,JH UH-R IH S-P R Y UW D-EH N S
JURISPRUDENTIAL,J,UR,I,S,P,R,U,D,E,N,TI,A,L,JH UH-R IH S-P R Y UW D-EH N-CH AE LL
KAHULUI,K,A,H,U,L,U,I,K AH-HH UW-L Y UW-IY
KAILUA,K,AI,L,U,A,K AY-L Y UW-AH
KAWAGUCHI,K,A,W,A,G,U,CH,I,K AA-W AA-G Y UW-CH IY
KEW,K,E,W,K Y UW
KEWAUNEE,K,E,W,AU,N,EE,K Y UW AO-N IY
KISMAYU,K,I,S,M,AY,U,K IH S-M AA-Y UW
KOTZEBUE,K,O,T,Z,E,B,U,E,K AA T-S EH-B Y UW
KUBAN,K,U,B,A,N,,K Y UW-B AE N
KUBRICK,K,U,B,R,I,CK,,K Y UW-B R IH K
KYUSHU,K,Y,U,SH,U,K IY-UW SH-Y UW
LAKEVIEW,L,A,K,E,V,IEW,L EY K-V Y UW
LASSITUDE,L,A,S,S,I,T,U,D,E,L AE S-S IH T-Y UW D
LATITUDE,L,A,T,I,T,U,D,E,L AE T-IH-T Y UW D
LATITUDES,L,A,T,I,T,U,D,E,S,L AE T-IH-T Y UW D-Z
LATITUDINAL,L,A,T,I,T,U,D,I,N,A,L,L AE T-IH T-Y UW D-IH N-AE LL
LEGUME,L,E,G,U,M,E,,L EH G-Y UW M
LEGUMES,L,E,G,U,M,E,S,,L EH-G Y UW M-Z
LILLIPUTIAN,L,I,L,L,I,P,U,TI,A,N,L IH LL-L IH-P Y UW-SH AE N
LJUBLJANA,LJ,U,B,L,J,A,N,A,,L Y UW B LL-Y AA-N AH
LONGVIEW,L,O,N,G,V,IEW,L AO NG-V Y UW
LUGUBRIOUS,L,U,G,U,B,R,I,OU,S,L UW-G Y UW B R-IY-AH S
MALAMUTE,M,A,L,A,M,U,T,E,,M AE LL-AE-M Y UW T
MANIPULATE,M,A,N,I,P,U,L,A,T,E,,M AE N-IH P-Y UW-L EY T
MANIPULATED,M,A,N,I,P,U,L,A,T,E,D,M AE N-IH P-Y UW-L EY T-EH D
MANIPULATES,M,A,N,I,P,U,L,A,T,E,S,,M AE N-IH P-Y UW-L EY T-S
MANIPULATING,M,A,N,I,P,U,L,A,T,I,NG,,M AE N-IH P-Y UW LL-EY T-IH NG
MANIPULATION,M,A,N,I,P,U,L,A,TI,O,N,M AE N-IH P-Y UW LL-EY-SH AA N
MANIPULATIVE,M,A,N,I,P,U,L,A,T,I,V,E,,M AE N-IH P-Y UW LL-EY T-IH V
MANIPULATOR,M,A,N,I,P,U,L,A,T,OR,,M AE N-IH P-Y UW LL-EY T-OR
MANUAL,M,A,N,U,A,L,,M AE N-Y UW-AE LL
MANUALLY,M,A,N,U,A,L,L,Y,M AE N-Y UW-AE LL-L IY
MANUALS,M,A,N,U,A,L,S,M AE N-Y UW-AE LL-S
MANUFACTURE,M,A,N,U,F,A,C,T,UR,E,,M AE N-Y UW-F AE K-CH ER
MANUFACTURED,M,A,N,U,F,A,C,T,UR,E,D,M AE N-Y UW-F AE K-CH ER-D
MANUFACTURER,M,A,N,U,F,A,C,T,UR,ER,,M AE N-Y UW-F AE K-CH ER-ER
MANUFACTURERS,M,A,N,U,F,A,C,T,UR,ER,S,,M AE N-Y UW-F AE K-CH ER-ER-Z
MANUFACTURES,M,A,N,U,F,A,C,T,UR,E,S,,M AE N-Y UW-F AE K-CH ER-Z
MANUFACTURING,M,A,N,U,F,A,C,T,UR,I,NG,,M AE N-Y UW-F AE K-CH ER-IH NG
MANUSCRIPT,M,A,N,U,S,C,R,I,P,T,,M AE N-Y UW-S K R IH P T
MANUSCRIPTS,M,A,N,U,S,C,R,I,P,T,S,,M AE N-Y UW-S K R IH P T-S
MASCULINE,M,A,S,C,U,L,I,N,E,,M AE S-K Y UW LL-IH N
MASCULINITY,M,A,S,C,U,L,I,N,I,T,Y,,M AE S-K Y UW LL-IH N-IH T-IY
MATHEWSON,M,A,TH,E,W,S,O,N,M AE TH-Y UW-S AA N
MATHIEU,M,A,TH,IEU,M AE-TH Y UW
MATRICULATE,M,A,T,R,I,C,U,L,A,T,E,,M AE-T R IH K-Y UW-L EY T
MATRICULATED,M,A,T,R,I,C,U,L,A,T,E,D,M AE-T R IH K-Y UW-L EY T-EH D
MATRICULATES,M,A,T,R,I,C,U,L,A,T,E,S,,M AE-T R IH K-Y UW-L EY T-S
MATRICULATING,M,A,T,R,I,C,U,L,A,T,I,NG,,M AE-T R IH K-Y UW LL-EY T-IH NG
MATTHEW,M,A,T,TH,E,W,M AE T-TH Y UW
MATTHEWS,M,A,T,TH,E,W,S,M AE T-TH Y UW Z
MENU,M,E,N,U,,M EH N-Y UW
MENUS,M,E,N,U,S,M EH N-Y UW-Z
MERCURIAL,M,ER,C,UR,I,A,L,,M ER-K Y UW R-IY-AE LL
MERCURIC,M,ER,C,UR,I,C,,M ER-K Y UW R-IH K
MERCURY,M,ER,C,UR,Y,M ER-K Y UW R-IY
METHUSELAH,M,E,TH,U,S,E,L,A,H,,M EH-TH Y UW-Z EH-L AH
METICULOUS,M,E,T,I,C,U,L,OU,S,,M EH T-IH K-Y UW LL-AH S
METICULOUSLY,M,E,T,I,C,U,L,OU,S,L,Y,,M EH T-IH K-Y UW LL-AH S-L IY
METROSEXUAL,M,E,T,R,O,S,E,X,U,A,L,,M EH T-R OW-S EH K SH-Y UW-AE L
MEUSE,M,EU,S,E,M Y UW Z
MEW,M,E,W,M Y UW
MICROCOMPUTER,M,I,C,R,O,C,O,M,P,U,T,ER,M AY-K R OW-K AA M-P Y UW T-ER
MICROCOMPUTERS,M,I,C,R,O,C,O,M,P,U,T,ER,S,M AY-K R OW-K AA M-P Y UW T-ER-Z
MINICOMPUTER,M,I,N,I,C,O,M,P,U,T,ER,M IH N-IY-K AA M-P Y UW T-ER
MINUET,M,I,N,U,E,T,,M IH N-Y UW EH T
MINUSCULE,M,I,N,U,S,C,U,L,E,M IH-N AH S-K Y UW LL
MIRACULOUS,M,I,R,A,C,U,L,OU,S,,M ER-AE K-Y UW LL-AH S
MIRACULOUSLY,M,I,R,A,C,U,L,OU,S,L,Y,,M ER-AE K-Y UW LL-AH S-L IY
MISCALCULATION,M,I,S,C,A,L,C,U,L,A,TI,O,N,,M IH S-K AE LL-K Y UW LL-EY-SH AA N
MISCOMMUNICATE,M,I,S,C,O,M,M,U,N,I,C,A,T,E,,M IH S-K AA M-M Y UW N-IH K-EY T
MISCOMMUNICATION,M,I,S,C,O,M,M,U,N,I,C,A,TI,O,N,,M IH S-K AA M-M Y UW N-IH K-EY-SH AA N
MISCUE,M,I,S,C,U,E,M IH S-K Y UW
MISUSE,M,I,S,U,S,E,,M IH S-Y UW Z
MISUSED,M,I,S,U,S,E,D,M IH S-Y UW Z-D
MISUSES,M,I,S,U,S,E,S,,M IH S-Y UW Z-IH Z
MISUSING,M,I,S,U,S,I,NG,,M IH S-Y UW Z-IH NG
MODULAR,M,O,D,U,L,AR,M AA JH-Y UW-L AR
MODULATE,M,O,D,U,L,A,T,E,,M AO JH-Y UW-L EY T
MODULATED,M,O,D,U,L,A,T,E,D,M AO JH-Y UW-L EY T-EH D
MODULATES,M,O,D,U,L,A,T,E,S,M AA JH-Y UW-L EY T-S
MODULATING,M,O,D,U,L,A,T,I,NG,M AA JH-Y UW LL-EY T-IH NG
MODULATION,M,O,D,U,L,A,TI,O,N,M AA JH-Y UW LL-EY-SH AA N
MODULATOR,M,O,D,U,L,A,T,OR,M AA JH-Y UW LL-EY T-OR
MOGADISHU,M,O,G,A,D,I,SH,U,M OW G-AE D-IY-SH Y UW
MOLECULAR,M,O,L,E,C,U,L,AR,,M OW-L EH K-Y UW-L AR
MOLECULE,M,O,L,E,C,U,L,E,M AA LL-AH-K Y UW LL
MOLECULES,M,O,L,E,C,U,L,E,S,M AA LL-AH-K Y UW LL-S
MONTAGU,M,O,N,T,A,G,U,,M AA N-T AE-G Y UW
MONUMENT,M,O,N,U,M,E,N,T,,M AA N-Y UW-M EH N T
MONUMENTAL,M,O,N,U,M,E,N,T,A,L,,M AA N-Y UW-M EH N T-AE LL
MONUMENTALLY,M,O,N,U,M,E,N,T,A,L,L,Y,M AA N-Y UW-M EH N T-AE LL-L IY
MONUMENTS,M,O,N,U,M,E,N,T,S,M AA N-Y UW-M EH N T-S
MUCOSA,M,U,C,O,S,A,,M Y UW-K OW-S AH
MUCOSAL,M,U,C,O,S,A,L,,M Y UW-K OW S-AE LL
MUCOUS,M,U,C,OU,S,,M Y UW-K AH S
MUCUS,M,U,C,U,S,,M Y UW-K AH S
MUENSTER,M,U,E,N,S,T,ER,M Y UW N-S T ER
MUIR,M,U,I,R,M Y UW-ER
MULE,M,U,L,E,M Y UW LL
MUNI,M,U,N,I,,M Y UW-N IY
MUNICH,M,U,N,I,CH,,M Y UW N-IH K
MUNICIPAL,M,U,N,I,C,I,P,A,L,,M Y UW-N IH S-AH P-AE LL
MUNICIPALITIES,M,U,N,I,C,I,P,A,L,I,T,I,E,S,,M Y UW-N IH S-AY-P AE LL-IH T-IY-EH Z
MUNICIPALITY,M,U,N,I,C,I,P,A,L,I,T,Y,,M Y UW-N IH S-AH P-AE LL-IH T-IY
MUNICIPALLY,M,U,N,I,C,I,P,A,L,L,Y,,M Y UW-N IH S-IH P-AE LL-L IY
MUNITION,M,U,N,I,TI,O,N,,M Y UW-N IH-SH AA N
MUNITIONS,M,U,N,I,TI,O,N,S,,M Y UW-N IH-SH AA N-Z
MUSA,M,U,S,A,,M Y UW-S AH
MUSCULATURE,M,U,S,C,U,L,A,T,UR,E,M AH S-K Y UW LL-AH-CH ER
MUSE,M,U,S,E,,M Y UW Z
MUSED,M,U,S,E,D,,M Y UW Z-D
MUSES,M,U,S,E,S,,M Y UW Z AH Z
MUSEUM,M,U,S,E,U,M,,M Y UW-Z IY-AH M
MUSEUMS,M,U,S,E,U,M,S,,M Y UW-Z IY-AH M-Z
MUSIAL,M,U,S,I,A,L,,M Y UW-Z-IY-AE LL
MUSIC,M,U,S,I,C,M Y UW Z-IH K
MUSICAL,M,U,S,I,C,A,L,M Y UW Z-IH K-AE LL
MUSICALITY,M,U,S,I,C,A,L,I,T,Y,M Y UW Z-IH K-AE LL-IH T-IY
MUSICALLY,M,U,S,I,C,A,L,L,Y,M Y UW Z-IH K-AE LL-L IY
MUSICALS,M,U,S,I,C,A,L,S,M Y UW Z-IH K-AE LL-Z
MUSICIAN,M,U,S,I,CI,A,N,M Y UW Z-IH-SH AE N
MUSICIANS,M,U,S,I,CI,A,N,S,M Y UW Z-IH-SH AE N-Z
MUSICIANSHIP,M,U,S,I,CI,A,N,SH,I,P,M Y UW Z-IH-SH AE N-SH IH P
MUSICOLOGIST,M,U,S,I,C,O,L,O,G,I,S,T,M Y UW Z-IH K-AA-L OW JH-IH S T
MUSICS,M,U,S,I,C,S,,M Y UW Z-IH K-S
MUSING,M,U,S,I,NG,,M Y UW Z-IH NG
MUSINGS,M,U,S,I,NG,S,,M Y UW Z-IH NG-Z
MUTABLE,M,U,T,A,B,L,E,,M Y UW T-AE-B LL
MUTAGEN,M,U,T,A,G,E,N,,M Y UW T-AE-JH EH N
MUTANT,M,U,T,A,N,T,,M Y UW T-AE N T
MUTANTS,M,U,T,A,N,T,S,M Y UW T-AE N T-S
MUTATE,M,U,T,A,T,E,,M Y UW T-EY T
MUTATED,M,U,T,A,T,E,D,,M Y UW T-EY T-EH D
MUTATING,M,U,T,A,T,I,NG,,M Y UW T-EY T-IH NG
MUTATION,M,U,T,A,TI,O,N,,M Y UW T-EY-SH AA N
MUTATIONS,M,U,T,A,TI,O,N,S,M Y UW T-EY-SH AA N-S
MUTE,M,U,T,E,,M Y UW T
MUTED,M,U,T,E,D,,M Y UW T-EH D
MUTILATE,M,U,T,I,L,A,T,E,,M Y UW T-IH LL-EY T
MUTILATED,M,U,T,I,L,A,T,E,D,M Y UW T-IH LL-EY T-EH D
MUTILATING,M,U,T,I,L,A,T,I,NG,,M Y UW T-IH LL-EY T-IH NG
MUTILATION,M,U,T,I,L,A,TI,O,N,,M Y UW T-IH LL-EY-SH AA N
MUTINEER,M,U,T,I,N,E,ER,,M Y UW T-IH N-IH R
MUTINEERS,M,U,T,I,N,E,ER,S,,M Y UW T-IH N-IH R-Z
MUTING,M,U,T,I,NG,,M Y UW T-IH NG
MUTINIED,M,U,T,I,N,I,E,D,M Y UW T-IH N-IY-D
MUTINIES,M,U,T,I,N,I,E,S,,M Y UW T-IH N-IY-Z
MUTINOUS,M,U,T,I,N,OU,S,,M Y UW T-IH N-AH S
MUTINOUSLY,M,U,T,I,N,OU,S,L,Y,M Y UW T-IH N-AH S-L IY
MUTINY,M,U,T,I,N,Y,,M Y UW T-IH N-IY
MUTUAL,M,U,T,U,A,L,,M Y UW-CH UW-AE LL
MUTUALISM,M,U,T,U,A,L,I,S,M,,M Y UW-CH UW-AE LL-IH Z M
MUTUALITY,M,U,T,U,A,L,I,T,Y,,M Y UW-CH UW-AE LL-IH T-IY
MUTUALLY,M,U,T,U,A,L,L,Y,M Y UW-CH UW-AE LL-L IY
MUZAK,M,U,Z,A,K,,M Y UW Z-AE K
MUZIO,M,U,Z,I,O,,M Y UW Z-IY-OW
NEBULA,N,E,B,U,L,A,,N EH B-Y UW LL-AH
NEBULIZER,N,E,B,U,L,I,Z,ER,,N EH B-Y UW LL-AY Z-ER
NEBULOUS,N,E,B,U,L,OU,S,,N EH B-Y UW LL-AH S
NEPHEW,N,E,PH,E,W,N EH F-Y UW
NITROCELLULOSE,N,I,T,R,O,C,E,L,L,U,L,O,S,E,,N AY-T R OW-S EH LL-L Y UW LL-OW S
NODULAR,N,O,D,U,L,AR,N AA JH-Y UW LL-AR
NONACCRUING,N,O,N,A,C,C,R,U,I,NG,N AA N-AE K-K R Y UW-IH NG
NONCOMMUNIST,N,O,N,C,O,M,M,U,N,I,S,T,,N AA N-K AA M-M Y UW N-IH S T
NONCUMULATIVE,N,O,N,C,U,M,U,L,A,T,I,V,E,,N AA N-K Y UW M-Y UW LL-AE T-IH V
NONEXCLUSIVE,N,O,N,E,X,C,L,U,S,I,V,E,,N AA N-EH K S-K L Y UW S-IH V
NONEXECUTIVE,N,O,N,E,X,E,C,U,T,I,V,E,,N AA N-EH G Z-EH K-Y UW T-IH V
NONHUMAN,N,O,N,H,U,M,A,N,,N AA N-HH Y UW-M AE N
NONREGULATED,N,O,N,R,E,G,U,L,A,T,E,D,N AA N-R EH G-Y UW-L EY T-EH D
NONSECULAR,N,O,N,S,E,C,U,L,AR,,N AA N-S EH K-Y UW-L AR
NONUNION,N,O,N,U,N,I,O,N,,N AA N-Y UW N-Y AA N
NONUTILITY,N,O,N,U,T,I,L,I,T,Y,,N AA N-Y UW-T IH LL-IH T-IY
NUBIAN,N,U,B,I,A,N,,N Y UW B-IY-AE N
OBITUARIES,O,B,I,T,U,AR,I,E,S,OW-B IH CH-Y UW-OR-IY-Z
OBSCURE,O,B,S,C,UR,E,AA B-S K Y UW R
OBSCURED,O,B,S,C,UR,E,D,AA B-S K Y UW R-D
OCCUPANCY,O,C,C,U,P,A,N,C,Y,,AA K-K Y UW P-AE N S-IY
OCCUPANT,O,C,C,U,P,A,N,T,,AA K-K Y UW P-AE N T
OCCUPANTS,O,C,C,U,P,A,N,T,S,AA K-K Y UW P-AE N T-S
OCCUPATION,O,C,C,U,P,A,TI,O,N,AA K-K Y UW P-EY-SH AA N
OCCUPATIONAL,O,C,C,U,P,A,TI,O,N,A,L,AA K-K Y UW P-EY-SH AA N-AE LL
OCCUPATIONS,O,C,C,U,P,A,TI,O,N,S,AA K-K Y UW P-EY-SH AA N-Z
OCCUPIED,O,C,C,U,P,I,E,D,AA K-K Y UW P-AY-D
OCCUPIER,O,C,C,U,P,I,ER,AA K-K Y UW P-AY-ER
OCCUPIERS,O,C,C,U,P,I,ER,S,AA K-K Y UW P-AY-ER-Z
OCCUPIES,O,C,C,U,P,I,E,S,,AA K-K Y UW P-AY-Z
OCCUPY,O,C,C,U,P,Y,,AA K-K Y UW P-AY
OCCUPYING,O,C,C,U,P,Y,I,NG,AA K-K Y UW P-AY-IH NG
OCULIST,O,C,U,L,I,S,T,,AO K-Y UW LL-IH S T
OPPORTUNE,O,P,P,OR,T,U,N,E,AA P-P ER T-Y UW N
OPPORTUNISM,O,P,P,OR,T,U,N,I,S,M,,AA P-P ER T-Y UW N-IH Z M
OPPORTUNIST,O,P,P,OR,T,U,N,I,S,T,AA P-P ER T-Y UW N-IH S T
OPPORTUNISTIC,O,P,P,OR,T,U,N,I,S,T,I,C,AA P-P ER T-Y UW N-IH S T-IH K
OPPORTUNISTS,O,P,P,OR,T,U,N,I,S,T,S,AA P-P ER T-Y UW N-IH S T-S
OPPORTUNITIES,O,P,P,OR,T,U,N,I,T,I,E,S,AA P-P ER T-Y UW N-IH T-IY-Z
OPPORTUNITY,O,P,P,OR,T,U,N,I,T,Y,AA P-P ER T-Y UW N-IH T-IY
OPULENCE,O,P,U,L,E,NC,E,,AA P-Y UW LL-EH-N S
OPULENT,O,P,U,L,E,N,T,,AA P-Y UW LL-EH N T
ORANGUTAN,O,R,A,N,G,U,T,A,N,OR AE NG-Y UW-T AE N
OVERPOPULATE,O,V,ER,P,O,P,U,L,A,T,E,,OW-V ER-P AA P-Y UW-L EY T
OVERPOPULATES,O,V,ER,P,O,P,U,L,A,T,E,S,,OW-V ER-P AA P-Y UW-L EY T-S
OVERPOPULATING,O,V,ER,P,O,P,U,L,A,T,I,NG,,OW-V ER-P AA P-Y UW LL-EY T-IH NG
OVERPOPULATION,O,V,ER,P,O,P,U,L,A,TI,O,N,,OW-V ER-P AA P-Y UW LL-EY-SH AA N
OVERREGULATE,O,V,ER,R,E,G,U,L,A,T,E,,OW-V ER-R EH G-Y UW-L EY T
OVERREGULATED,O,V,ER,R,E,G,U,L,A,T,E,D,OW-V ER-R EH G-Y UW-L EY T-EH D
OVERREGULATES,O,V,ER,R,E,G,U,L,A,T,E,S,,OW-V ER-R EH G-Y UW-L EY T-S
OVERREGULATION,O,V,ER,R,E,G,U,L,A,TI,O,N,,OW-V ER-R EH G-Y UW LL-EY-SH AA N
OVERUSE,O,V,ER,U,S,E,,OW-V ER-Y UW Z
OVERUSED,O,V,ER,U,S,E,D,OW-V ER-Y UW Z-D
OVERUSES,O,V,ER,U,S,E,S,,OW-V ER-Y UW Z-IH Z
OVERUSING,O,V,ER,U,S,I,NG,,OW-V ER-Y UW Z-IH NG
OVERVALUATION,O,V,ER,V,A,L,U,A,TI,O,N,,OW-V ER-V AE LL-Y UW-EY-SH AA N
OVERVALUE,O,V,ER,V,A,L,U,E,OW-V ER-V AE LL-Y UW
OVERVALUED,O,V,ER,V,A,L,U,E,D,OW-V ER-V AE LL-Y UW-D
OVERVIEW,O,V,ER,V,IEW,OW-V ER-V Y UW
OVERVIEWS,O,V,ER,V,IEW,S,OW-V ER-V Y UW-Z
OVULE,O,V,U,L,E,OW V-Y UW LL
PADUA,P,A,D,U,A,,P AE D-Y UW-AH
PAIUTE,P,AI,U,T,E,,P AY-Y UW T
PAPUA,P,A,P,U,A,,P AE-P Y UW AH
PARTICULAR,P,AR,T,I,C,U,L,AR,,P OR T-IH K-Y UW LL-AR
PARTICULARITY,P,AR,T,I,C,U,L,AR,I,T,Y,,P AR T-IH K-Y UW LL-AR-IH T-IY
PARTICULARLY,P,AR,T,I,C,U,L,AR,L,Y,,P AR T-IH K-Y UW LL-AR-L IY
PARTICULARS,P,AR,T,I,C,U,L,AR,S,,P OR T-IH K-Y UW LL-AR-Z
PARTICULATE,P,AR,T,I,C,U,L,A,T,E,,P OR T-IH K-Y UW-L AE T
PARTICULATES,P,AR,T,I,C,U,L,A,T,E,S,,P AR T-IH K-Y UW-L AE T-S
PASCAGOULA,P,A,S,C,A,G,OU,L,A,P AE S-K AE-G Y UW LL-AH
PECULATION,P,E,C,U,L,A,TI,O,N,P EH K-Y UW LL-EY-SH AA N
PECULIAR,P,E,C,U,L,I,AR,,P EH K-Y UW LL-IY-OR
PECULIARITIES,P,E,C,U,L,I,AR,I,T,I,E,S,,P EH K-Y UW LL-IY-OR-IH T-IY-Z
PECULIARITY,P,E,C,U,L,I,AR,I,T,Y,,P EH K-Y UW LL-IY-OR-IH T-IY
PECULIARLY,P,E,C,U,L,I,AR,L,Y,,P EH K-Y UW LL-IY-OR-L IY
PECUNIARY,P,E,C,U,N,I,AR,Y,,P EH K-Y UW N-IY-AIR-IY
PENURIOUS,P,E,N,UR,I,OU,S,,P EH N-Y UW R-IY-AH S
PERCUTANEOUS,P,ER,C,U,T,A,N,E,OU,S,,P ER-K Y UW-T EY N-IY-AH S
PERFUME,P,ER,F,U,M,E,,P ER-F Y UW M
PERFUMES,P,ER,F,U,M,E,S,P ER-F Y UW M-S
PERFUMING,P,ER,F,U,M,I,NG,,P ER-F Y UW M-IH NG
PERMUTATE,P,ER,M,U,T,A,T,E,,P ER-M Y UW T-EY T
PERMUTATED,P,ER,M,U,T,A,T,E,D,P ER-M Y UW T-EY T-EH D
PERMUTATING,P,ER,M,U,T,A,T,I,NG,,P ER-M Y UW T-EY T-IH NG
PERMUTATION,P,ER,M,U,T,A,TI,O,N,,P ER-M Y UW T-EY-SH AA N
PERMUTATIONS,P,ER,M,U,T,A,TI,O,N,S,,P ER-M Y UW T-EY-SH AA N-Z
PERMUTE,P,ER,M,U,T,E,,P ER-M Y UW T
PERPENDICULAR,P,ER,P,E,N,D,I,C,U,L,AR,,P ER-P EH N-D IH K-Y UW LL-AR
PERPETUA,P,ER,P,E,T,U,A,P ER-P EH T-Y UW-AH
PERPETUAL,P,ER,P,E,T,U,A,L,P ER-P EH T-Y UW-AE LL
PERPETUALLY,P,ER,P,E,T,U,A,L,L,Y,P ER-P EH T-Y UW-AE LL-L IY
PERPETUATE,P,ER,P,E,T,U,A,T,E,,P ER-P EH T-Y UW-EY T
PERPETUATED,P,ER,P,E,T,U,A,T,E,D,P ER-P EH T-Y UW-EY T-EH D
PERPETUATING,P,ER,P,E,T,U,A,T,I,NG,,P ER-P EH T-Y UW-EY T-IH NG
PERPETUATION,P,ER,P,E,T,U,A,TI,O,N,,P ER-P EH T-Y UW-EY-SH AA N
PERPETUITY,P,ER,P,E,T,U,I,T,Y,,P ER-P IH-T Y UW-IH T-IY
PERSECUTE,P,ER,S,E,C,U,T,E,,P ER-S EH K-Y UW T
PERSECUTED,P,ER,S,E,C,U,T,E,D,P ER-S EH K-Y UW T-EH D
PERSECUTES,P,ER,S,E,C,U,T,E,S,,P ER-S EH K-Y UW T-S
PERSECUTING,P,ER,S,E,C,U,T,I,NG,,P ER-S EH K-Y UW T-IH NG
PERSECUTION,P,ER,S,E,C,U,TI,O,N,,P ER-S EH K-Y UW-SH AA N
PERSECUTIONS,P,ER,S,E,C,U,TI,O,N,S,,P ER-S EH K-Y UW-SH AA N-S
PERSECUTOR,P,ER,S,E,C,U,T,OR,,P ER-S EH K-Y UW T-OR
PERSECUTORS,P,ER,S,E,C,U,T,OR,S,,P ER-S EH K-Y UW T-OR-Z
PERSUADABLE,P,ER,S,U,A,D,A,B,L,E,P ER-S Y UW-EY D-AE-B LL
PERSUADING,P,ER,S,U,A,D,I,NG,P ER-S Y UW-EY D-IH NG
PERSUASION,P,ER,S,U,A,SI,O,N,P ER-S Y UW-EY-ZH AA N
PERSUASIONS,P,ER,S,U,A,SI,O,N,S,P ER-S Y UW-EY-ZH AA N-Z
PERSUASIVE,P,ER,S,U,A,S,I,V,E,P ER-S Y UW-EY-S IH V
PERSUASIVELY,P,ER,S,U,A,S,I,V,E,L,Y,P ER-S Y UW-EY-S IH V-L IY
PERSUASIVENESS,P,ER,S,U,A,S,I,V,E,N,E,SS,P ER-S Y UW-EY-S IH V-N EH S
PETULANCE,P,E,T,U,L,A,N,C,E,P EH CH-Y UW LL-AE N S
PETULANT,P,E,T,U,L,A,N,T,P EH CH-Y UW LL-AE N T
PEW,P,E,W,P Y UW
PEWTER,P,E,W,T,ER,P Y UW-T ER
PHARMACEUTICAL,PH,AR,M,A,C,EU,T,I,C,A,L,F AR M-AE S-Y UW T-IH K-AE LL
PHARMACEUTICALS,PH,AR,M,A,C,EU,T,I,C,A,L,S,F AR M-AE S-Y UW T-IH K-AE LL-Z
PHEW,PH,E,W,F Y UW
PICAYUNE,P,I,C,AY,U,N,E,P IH K-IY-Y UW N
PITUITARY,P,I,T,U,I,T,AR,Y,P IH T-Y UW-IH T-AIR-IY
PLAINVIEW,P,L,AI,N,V,IEW,P L EY N-V Y UW
PLATITUDE,P,L,A,T,I,T,U,D,E,P L AE T-IH-T Y UW D
POLYBUTYLENE,P,O,L,Y,B,U,T,Y,L,E,N,E,,P AA LL-IY-B Y UW-T IH LL-IY N
POLYURETHANE,P,O,L,Y,UR,E,TH,A,N,E,P AA LL-IY-Y UW-R EH TH-EY N
POPULACE,P,O,P,U,L,A,C,E,,P AA P-Y UW LL-EY S
POPULAR,P,O,P,U,L,AR,,P AA P-Y UW LL-AR
POPULARISE,P,O,P,U,L,AR,I,S,E,,P AA P-Y UW LL-AR-AY Z
POPULARITY,P,O,P,U,L,AR,I,T,Y,,P AA P-Y UW LL-AIR-IH T-IY
POPULARIZATION,P,O,P,U,L,AR,I,Z,A,TI,O,N,,P AA P-Y UW LL-AR-IH Z-EY-SH AA N
POPULARIZE,P,O,P,U,L,AR,I,Z,E,,P AA P-Y UW LL-AR-AY Z
POPULARIZED,P,O,P,U,L,AR,I,Z,E,D,P AA P-Y UW LL-AR-AY Z-D
POPULARIZER,P,O,P,U,L,AR,I,Z,ER,,P AA P-Y UW LL-AR-AY Z-ER
POPULARIZING,P,O,P,U,L,AR,I,Z,I,NG,,P AA P-Y UW LL-AR-AY Z-IH NG
POPULARLY,P,O,P,U,L,AR,L,Y,,P AA P-Y UW LL-AR-L IY
POPULATE,P,O,P,U,L,A,T,E,,P AA P-Y UW-L EY T
POPULATED,P,O,P,U,L,A,T,E,D,P AA P-Y UW-L EY T-EH D
POPULATES,P,O,P,U,L,A,T,E,S,P AA P-Y UW-L EY T-S
POPULATING,P,O,P,U,L,A,T,I,NG,,P AA P-Y UW LL-EY T-IH NG
POPULATION,P,O,P,U,L,A,TI,O,N,,P AA P-Y UW LL-EY-SH AA N
POPULATIONS,P,O,P,U,L,A,TI,O,N,S,,P AA P-Y UW LL-EY-SH AA N-Z
POPULIST,P,O,P,U,L,I,S,T,,P AA P-Y UW LL-IH S T
POPULOUS,P,O,P,U,L,OU,S,,P AA P-Y UW LL-AH S
PORCUPINE,P,OR,C,U,P,I,N,E,,P OR-K Y UW-P AY N
POSTHUMOUS,P,O,S,TH,U,M,OU,S,P AA S-CH Y UW M-AH S
POSTHUMOUSLY,P,O,S,TH,U,M,OU,S,L,Y,P AA S T-CH Y UW M-AH S-L IY
POSTULATE,P,O,S,T,U,L,A,T,E,P AA S CH-Y UW-L EY T
POSTULATES,P,O,S,T,U,L,A,T,E,S,P AA S CH-Y UW-L EY T-S
PREOCCUPATION,P,R,E,O,C,C,U,P,A,TI,O,N,P R IY-AA K-K Y UW P-EY-SH AA N
PREOCCUPATIONS,P,R,E,O,C,C,U,P,A,TI,O,N,S,,P R IY-AA K-K Y UW P-EY-SH AA N-Z
PREOCCUPIED,P,R,E,O,C,C,U,P,I,E,D,P R IY-AA K-K Y UW P-AY-D
PREOCCUPY,P,R,E,O,C,C,U,P,Y,,P R IY-AA K-K Y UW P-AY
PREPUCE,P,R,E,P,U,C,E,,P R EH-P Y UW S
PRESSURISES,P,R,E,S,S,UR,I,S,E,S,P R EH S-SH Y UW R-AY Z-IH Z
PRESSURIZES,P,R,E,S,S,UR,I,Z,E,S,P R EH S-SH Y UW R-AY Z-IH Z
PREVIEW,P,R,E,V,IEW,P R IY-V Y UW
PREVIEWED,P,R,E,V,IEW,E,D,P R IY-V Y UW-D
PREVIEWING,P,R,E,V,IEW,I,NG,P R IY-V Y UW-IH NG
PREVIEWS,P,R,E,V,IEW,S,P R IY-V Y UW-Z
PROFUSE,P,R,O,F,U,S,E,,P R OW-F Y UW S
PROFUSELY,P,R,O,F,U,S,E,L,Y,,P R OW-F Y UW S-L IY
PROFUSION,P,R,O,F,U,SI,O,N,,P R OW-F Y UW-ZH AA N
PROMISCUITY,P,R,O,M,I,S,C,U,I,T,Y,,P R OW-M IH S-K Y UW-IH T-IY
PROMISCUOUS,P,R,O,M,I,S,C,U,OU,S,P R OW-M IH S-K Y UW-AH S
PROSECUTABLE,P,R,O,S,E,C,U,T,A,B,L,E,,P R AA-S EH K-Y UW T-AE-B LL
PROSECUTE,P,R,O,S,E,C,U,T,E,,P R AA-S EH K-Y UW T
PROSECUTED,P,R,O,S,E,C,U,T,E,D,P R AA-S EH K-Y UW T-EH D
PROSECUTES,P,R,O,S,E,C,U,T,E,S,,P R AA-S EH K-Y UW T-S
PROSECUTING,P,R,O,S,E,C,U,T,I,NG,,P R AA-S EH K-Y UW T-IH NG
PROSECUTION,P,R,O,S,E,C,U,TI,O,N,,P R AA-S EH K-Y UW-SH AA N
PROSECUTIONS,P,R,O,S,E,C,U,TI,O,N,S,,P R AA-S AH K-Y UW-SH AA N-Z
PROSECUTOR,P,R,O,S,E,C,U,T,OR,,P R AA-S EH K-Y UW T-OR
PROSECUTORIAL,P,R,O,S,E,C,U,T,OR,I,A,L,,P R AA-S EH K-Y UW T-OR-IY-AE LL
PROSECUTORS,P,R,O,S,E,C,U,T,OR,S,,P R AA-S EH K-Y UW T-OR-Z
PUBERTY,P,U,B,ER,T,Y,,P Y UW-B ER-T IY
PUBIC,P,U,B,I,C,,P Y UW B-IH K
PUERILE,P,U,ER,I,L,E,P Y UW-ER-IY LL
PUGET,P,U,G,E,T,,P Y UW JH-IH T
PUGILISM,P,U,G,I,L,I,S,M,,P Y UW-JH IH LL-IH Z M
PUGILIST,P,U,G,I,L,I,S,T,,P Y UW-JH IH LL-IH-S T
PUGILISTIC,P,U,G,I,L,I,S,T,I,C,,P Y UW-JH IH LL-IH S T-IH K
PUKE,P,U,K,E,,P Y UW K
PUNIC,P,U,N,I,C,,P Y UW N-IH K
PUNITIVE,P,U,N,I,T,I,V,E,,P Y UW N-IH T-IH V
PUNY,P,U,N,Y,,P Y UW-N IY
PUPA,P,U,P,A,,P Y UW-P AH
PUPIL,P,U,P,I,L,,P Y UW-P IH LL
PUPILS,P,U,P,I,L,S,P Y UW-P IH LL-S
PURULENT,P,UR,U,L,E,N,T,,P Y ER-Y UW LL-EH N T
PURVIEW,P,UR,V,IEW,P ER-V Y UW
PUSEY,P,U,S,EY,,P Y UW-Z IY
PUSILLANIMOUS,P,U,S,I,L,L,A,N,I,M,OU,S,P Y UW-S IH LL-L AE N-IH M-AH S
PUTATIVE,P,U,T,A,T,I,V,E,,P Y UW-T AE T-IH V
PUTRID,P,U,T,R,I,D,,P Y UW-T R IH D
Q,Q,,K-Y UW
QUE,Q,U,E,K Y UW
QUES,Q,U,E,S,K Y UW Z
QUEUE,Q,U,E,U,E,K Y UW
QUEUING,Q,U,E,U,I,NG,K Y UW-IH NG
RASPUTIN,R,A,S,P,U,T,I,N,,R AE S-P Y UW-T IH N
REARVIEW,R,EA,R,V,IEW,R IH R V Y UW
REBUKE,R,E,B,U,K,E,,R IY-B Y UW K
REBUKED,R,E,B,U,K,E,D,R IY-B Y UW K-T
REBUKING,R,E,B,U,KI,N,G,,R IY-B Y UW K-IH NG
RECALCULATING,R,E,C,A,L,C,U,L,A,T,I,NG,,R IY-K AE LL-K Y UW LL-EY T-IH NG
RECALCULATION,R,E,C,A,L,C,U,L,A,TI,O,N,,R IY-K AE LL-K Y UW LL-EY-SH AA N
RECAPITULATE,R,E,C,A,P,I,T,U,L,A,T,E,R IY-K AH P-IH CH-Y UW-L EY T
RECAPITULATES,R,E,C,A,P,I,T,U,L,A,T,E,S,R IY-K AH P-IH CH-Y UW-L EY T-S
RECONSTITUTE,R,E,C,O,N,S,T,I,T,U,T,E,R IY-K AA N-S T IH T-Y UW T
RECONSTITUTED,R,E,C,O,N,S,T,I,T,U,T,E,D,R IY-K AA N-S T IH T-Y UW T-EH D
RECONSTITUTING,R,E,C,O,N,S,T,I,T,U,T,I,NG,R IY-K AA N-S T IH T-Y UW T-IH NG
RECTANGULAR,R,E,C,T,A,N,G,U,L,AR,,R EH K T-AE NG-G Y UW LL-AR
RECTITUDE,R,E,C,T,I,T,U,D,E,R EH K T-IH T-Y UW D
RECUSE,R,E,C,U,S,E,,R IY-K Y UW Z
RECUSED,R,E,C,U,S,E,D,,R IY-K Y UW Z-D
REDIFFUSION,R,E,D,I,F,F,U,SI,O,N,,R IY-D IH F-F Y UW-ZH AA N
REDISTRIBUTE,R,E,D,I,S,T,R,I,B,U,T,E,R IY-D IH S-T R IH B-Y UW T
REDISTRIBUTED,R,E,D,I,S,T,R,I,B,U,T,E,D,R IY-D IH S-T R IH B-Y UW T-EH D
REDISTRIBUTING,R,E,D,I,S,T,R,I,B,U,T,I,NG,R IY-D IH S-T R IH B-Y UW T-IH NG
REDISTRIBUTION,R,E,D,I,S,T,R,I,B,U,TI,O,N,R IY-D IH S-T R IH B-Y UW-SH AA N
REEDUCATE,R,E,E,D,U,C,A,T,E,R IY-EH D-Y UW K-EY T
REEDUCATION,R,E,E,D,U,C,A,TI,O,N,R IY-EH D-Y UW K-EY-SH AA N
REEVALUATED,R,EE,V,A,L,U,A,T,E,D,,R IY-IH-V AE LL-Y UW-EY T-EH D
REEVALUATING,R,EE,V,A,L,U,A,T,I,NG,,R IY-IH-V AE LL-Y UW-EY T-IH NG
REEVALUATION,R,EE,V,A,L,U,A,TI,O,N,,R IY-IH-V AE LL-Y UW-EY-SH AA N
REFORMULATE,R,E,F,OR,M,U,L,A,T,E,,R IY-F OR M-Y UW-L EY T
REFORMULATED,R,E,F,OR,M,U,L,A,T,E,D,R IY-F OR M-Y UW-L EY T-EH D
REFUEL,R,E,F,U,E,L,,R IY-F Y UW-EH LL
REFUELED,R,E,F,U,E,L,ED,R IY-F Y UW-EH LL-D
REFUELING,R,E,F,U,E,L,I,NG,R IY-F Y UW-EH LL-IH NG
REFUELLED,R,E,F,U,E,L,L,ED,R IY-F Y UW-EH LL-LL-D
REFUELLING,R,E,F,U,E,L,L,I,NG,R IY-F Y UW-EH LL-LL-IH NG
REFUGE,R,E,F,U,G,E,,R EH-F Y UW JH
REFUGEE,R,E,F,U,G,EE,,R EH-F Y UW JH-IY
REFUGEES,R,E,F,U,G,EE,S,,R EH-F Y UW JH-IY-Z
REFUSAL,R,E,F,U,SA,L,,R IY-F Y UWZ-AE LL
REFUSE,R,E,F,U,S,E,,R IY-F Y UW Z
REFUSED,R,E,F,U,S,E,D,R IY-F Y UW Z-D
REFUSES,R,E,F,U,S,E,S,,R IY-F Y UW Z-AH Z
REFUSING,R,E,F,U,S,I,NG,,R IY-F Y UW Z-IH NG
REFUTATION,R,E,F,U,T,A,TI,O,N,,R EH-F Y UW T-EY-SH AA N
REFUTE,R,E,F,U,T,E,,R IY-F Y UW T
REFUTED,R,E,F,U,T,E,D,R IY-F Y UW T-EH D
REFUTING,R,E,F,U,T,I,NG,,R IY-F Y UW T-IH NG
REGULAR,R,E,G,U,L,AR,,R EH G-Y UW LL-AR
REGULARITY,R,E,G,U,L,AR,I,T,Y,,R EH G-Y UW LL-AIR-IH T-IY
REGULARLY,R,E,G,U,L,AR,L,Y,,R EH G-Y UW LL-AR-L IY
REGULARS,R,E,G,U,L,AR,S,,R EH G-Y UW LL-AR-Z
REGULATE,R,E,G,U,L,A,T,E,R EH G-Y UW-L EY T
REGULATED,R,E,G,U,L,A,T,E,D,R EH G-Y UW-L EY T-EH D
REGULATES,R,E,G,U,L,A,T,E,S,,R EH G-Y UW-L EY T-S
REGULATING,R,E,G,U,L,A,T,I,NG,,R EH G-Y UW LL-EY T-IH NG
REGULATINGLY,R,E,G,U,L,A,T,I,NGL,Y,,R EH G-Y UW LL-EY T-IH NG-L IY
REGULATION,R,E,G,U,L,A,TI,O,N,,R EH G-Y UW LL-EY-SH AA N
REGULATIONS,R,E,G,U,L,A,TI,O,N,S,,R EH G-Y UW LL-EY-SH AA N-Z
REGULATIVE,R,E,G,U,L,A,T,I,V,E,,R EH G-Y UW LL-EY T-IH V
REGULATOR,R,E,G,U,L,A,T,OR,,R EH G-Y UW LL-EY T-OR
REGULATORS,R,E,G,U,L,A,T,OR,S,R EH G-Y UW LL-EY T-OR-S
REGULATORY,R,E,G,U,L,A,T,OR,Y,R EH G-Y UW LL-EY T-OR-IY
REINSTITUTE,R,E,I,N,S,T,I,T,U,T,E,R IY-IH N-S T IH T-Y UW T
REINSTITUTED,R,E,I,N,S,T,I,T,U,T,E,D,R IY-IH N-S T IH T-Y UW T-EH D
REINSTITUTING,R,E,I,N,S,T,I,T,U,T,I,NG,R IY-IH N-S T AH T-Y UW T-IH NG
REMANUFACTURE,R,E,M,A,N,U,F,A,C,T,UR,E,,R IY-M AE N-Y UW-F AE K-CH ER
REMANUFACTURED,R,E,M,A,N,U,F,A,C,T,UR,E,D,R IY-M AE N-Y UW-F AE K-CH ER-D
REMUNERATE,R,E,M,U,N,ER,A,T,E,,R IY-M Y UW N-ER-EY T
REMUNERATION,R,E,M,U,N,ER,A,TI,O,N,,R IY-M Y UW N-ER-EY-SH AA N
REMUNERATIVE,R,E,M,U,N,ER,A,T,I,V,E,,R IY-M Y UW N-ER-AE T-IH V
REOCCUPY,R,E,O,C,C,U,P,Y,,R IY-AO K-K Y UW P-AY
REPUDIATE,R,E,P,U,D,I,A,T,E,,R IY-P Y UW-D IY-EY T
REPUDIATED,R,E,P,U,D,I,A,T,E,D,R IY-P Y UW-D IY-EY T-EH D
REPUDIATING,R,E,P,U,D,I,A,T,I,NG,,R IY-P Y UW-D IY-EY T-IH NG
REPUDIATION,R,E,P,U,D,I,A,TI,O,N,,R IY-P Y UW-D IY-EY-SH AA N
REPUTE,R,E,P,U,T,E,,R IY-P Y UW T
REPUTED,R,E,P,U,T,E,D,,R IY-P Y UW T-EH D
REPUTEDLY,R,E,P,U,T,E,DL,Y,,R IY-P Y UW T-EH D-L IY
REREGULATE,R,E,R,E,G,U,L,A,T,E,,R IY-R EH G-Y UW-L EY T
REREGULATION,R,E,R,E,G,U,L,A,TI,O,N,,R IY-R EH G-Y UW LL-EY-SH AA N
RESCHEDULING,R,E,S,CH,E,D,U,L,I,NG,R IY-S K EH JH-Y UW LL-IH NG
RESCUE,R,E,S,C,U,E,R EH S-K Y UW
RESCUED,R,E,S,C,U,E,D,R EH S-K Y UW-D
RESCUING,R,E,S,C,U,I,NG,R EH S-K Y UW IH NG
RESIDUAL,R,E,S,I,D,U,A,L,R IY-Z IH JH-Y UW-AE LL
RESOLUTE,R,E,S,O,L,U,T,E,R EH-Z AH LL-Y UW T
RESOLUTELY,R,E,S,O,L,U,T,E,L,Y,R EH-S AA LL-Y UW T-L IY
RESOLUTION,R,E,S,O,L,U,TI,O,N,R EH-Z AA LL-Y UW-SH AA N
RESOLUTIONS,R,E,S,O,L,U,TI,O,N,S,R EH-Z AA LL-Y UW-SH AA N-Z
RETRIBUTION,R,E,T,R,I,B,U,TI,O,N,,R EH-T R AH B-Y UW-SH AA N
REUNIFICATION,R,E,U,N,I,F,I,C,A,TI,O,N,R IY-Y UW N-IH F-IH K-EY-SH AA N
REUNIFY,R,E,U,N,I,F,Y,R IY-Y UW N-IH F-AY
REUNION,R,E,U,N,I,O,N,R IY-Y UW N-Y AA N
REUNIONS,R,E,U,N,I,O,N,S,R IY-Y UW N-Y AH N-Z
REUNITE,R,E,U,N,I,T,E,R IY-Y UW N-AY T
REUNITED,R,E,U,N,I,T,E,D,R IY-Y UW N-AY T-EH D
REUNITING,R,E,U,N,I,T,I,NG,R IY-Y UW N-AY T-IH NG
REUSABLE,R,E,U,S,A,B,L,E,R IY-Y UW Z-AE-B LL
REUSE,R,E,U,S,E,,R IY-Y UW S
REUSED,R,E,U,S,E,D,R IY-Y UW Z-D
REUSING,R,E,U,S,I,NG,,R IY-Y UW Z-IH NG
REVALUATION,R,E,V,A,L,U,A,TI,O,N,,R IY-V AE LL-Y UW-EY-SH AA N
REVALUATIONS,R,E,V,A,L,U,A,TI,O,N,S,,R IY-V AE LL-Y UW-EY-SH AA N-Z
REVALUE,R,E,V,A,L,U,E,R IY-V AE LL-Y UW
REVALUED,R,E,V,A,L,U,E,D,R IY-V AE LL-Y UW-D
REVALUING,R,E,V,A,L,U,I,NG,R IY-V AE LL-Y UW-IH NG
REVIEW,R,E,V,IEW,R IY-V Y UW
REVIEWED,R,E,V,IEW,E,D,R IY-V Y UW-D
REVIEWER,R,E,V,IEW,ER,R IY V Y UW ER
REVIEWERS,R,E,V,IEW,ER,S,R IY-V Y UW-ER-Z
REVIEWING,R,E,V,IEW,I,NG,R IY V Y UW-IH NG
REVIEWS,R,E,V,IEW,S,R IY-V Y UW-Z
REVOLUTION,R,E,V,O,L,U,TI,O,N,R EH-V AA LL-Y UW-SH AA N
REVOLUTIONARIES,R,E,V,O,L,U,TI,O,N,AR,I,E,S,R EH-V AA LL-Y UW-SH AA N-AIR-IY-Z
REVOLUTIONARY,R,E,V,O,L,U,TI,O,N,AR,Y,R EH-V AA LL-Y UW-SH AA N-AIR-IY
REVOLUTIONISE,R,E,V,O,L,U,TI,O,N,I,S,E,R EH-V AA LL-Y UW-SH AA N-AY Z
REVOLUTIONISED,R,E,V,O,L,U,TI,O,N,I,S,E,D,R EH-V AA LL-Y UW-SH AA N-AY Z-D
REVOLUTIONISING,R,E,V,O,L,U,TI,O,N,I,S,I,NG,R EH-V AA LL-Y UW-SH AA N-AY Z-IH NG
REVOLUTIONIST,R,E,V,O,L,U,TI,O,N,I,S,T,R EH-V AA LL-Y UW-SH AA N-IH S T
REVOLUTIONISTS,R,E,V,O,L,U,TI,O,N,I,S,T,S,R EH-V AA LL-Y UW-SH AA N-IH S T-S
REVOLUTIONIZE,R,E,V,O,L,U,TI,O,N,I,Z,E,R EH-V AA LL-Y UW-SH AA N-AY Z
REVOLUTIONIZED,R,E,V,O,L,U,TI,O,N,I,Z,E,D,R EH-V AA LL-Y UW-SH AA N-AY Z-D
REVOLUTIONIZING,R,E,V,O,L,U,TI,O,N,I,Z,I,NG,R EH-V AA LL-Y UW-SH AA N-AY Z-IH NG
REVOLUTIONS,R,E,V,O,L,U,TI,O,N,S,R EH-V AA LL-Y UW-SH AA N-Z
REVUE,R,E,V,U,E,R IY-V Y UW
RIDICULE,R,I,D,I,C,U,L,E,R IH D-IH K-Y UW LL
RIDICULED,R,I,D,I,C,U,L,ED,R IH D-IH K-Y UW LL-D
RIDICULING,R,I,D,I,C,U,L,I,NG,R IH D-IH K-Y UW LL-IH NG
RIDICULOUS,R,I,D,I,C,U,L,OU,S,,R IH D-IH K-Y UW LL-AH S
RIDICULOUSLY,R,I,D,I,C,U,L,OU,S,L,Y,,R AH D-IH K-Y UW LL-AH S-L IY
RIGUEUR,R,I,G,U,E,U,R,R IH-G Y UW R
ROMULUS,R,O,M,U,L,U,S,,R AA M-Y UW LL-AH S
SACCULE,S,A,C,C,U,L,E,S AE K-K Y UW LL
SAMBUCA,S,A,M,B,U,C,A,,S AE M-B Y UW-K AH
SAMUEL,S,A,M,U,E,L,S AE M-Y UW-EH LL
SATURATE,S,A,T,UR,A,T,E,S AE CH-Y UW R-EY T
SATURATED,S,A,T,UR,A,T,E,D,S AE CH-Y UW R-EY T-EH D
SATURATING,S,A,T,UR,A,T,I,NG,S AE CH-Y UW R-EY T-IH NG
SATURATION,S,A,T,UR,A,TI,O,N,S AE CH-Y UW R-EY-SH AA N
SCAPULA,S,C,A,P,U,L,A,,S K AE P-Y UW LL-AH
SCRUPULOUS,S,C,R,U,P,U,L,OU,S,,S K R UW-P Y UW LL-AH S
SCRUPULOUSLY,S,C,R,U,P,U,L,OU,S,L,Y,,S K R UW-P Y UW LL-AH S-L IY
SECULAR,S,E,C,U,L,AR,,S EH K-Y UW-L AR
SECULARISM,S,E,C,U,L,AR,I,S,M,,S EH K-Y UW LL-AR-IH Z M
SECULARIST,S,E,C,U,L,AR,I,S,T,,S EH K-Y UW LL-AR-IH S T
SEMIANNUAL,S,E,M,I,A,N,N,U,A,L,S EH M-IY-AE N-N Y UW-AE LL
SEMIANNUALLY,S,E,M,I,A,N,N,U,A,L,L,Y,S EH M-IY-AE N-N Y UW-AE LL-L IY
SEMICIRCULAR,S,E,M,I,C,IR,C,U,L,AR,,S EH M-IY-S AR-K Y UW LL-ER
SEXUAL,S,E,X,U,A,L,,S EH K SH-Y UW-AE LL
SEXUALITY,S,E,X,U,A,L,I,T,Y,,S EH K SH-Y UW-AE LL-IH T-IY
SEXUALLY,S,E,X,U,A,L,L,Y,S EH K SH-Y UW-AE LL-L IY
SIMULATE,S,I,M,U,L,A,T,E,,S IH M-Y UW-L EY T
SIMULATED,S,I,M,U,L,A,T,E,D,S IH M-Y UW-L EY T-EH D
SIMULATES,S,I,M,U,L,A,T,E,S,,S IH M-Y UW-L EY T-S
SIMULATING,S,I,M,U,L,A,T,I,NG,,S IH M-Y UW LL-EY T-IH NG
SIMULATION,S,I,M,U,L,A,TI,O,N,,S IH M-Y UW LL-EY-SH AA N
SIMULATIONS,S,I,M,U,L,A,TI,O,N,S,,S IH M-Y UW-L EY-SH AA N-Z
SIMULATOR,S,I,M,U,L,A,T,OR,,S IH M-Y UW LL-EY T-OR
SIMULCAST,S,I,M,U,L,C,A,S,T,,S AY-M Y UW LL-K AE-S T
SINEWY,S,I,N,E,W,Y,S IH N-Y UW-IY
SINGULAR,S,I,NG,U,L,AR,,S IH NG-G Y UW-L AR
SINGULARIZATION,S,I,NG,U,L,AR,I,Z,A,TI,O,N,S IH NG-G Y UW LL-AR-IH Z-EY-SH AA N
SINGULARLY,S,I,NG,U,L,AR,L,Y,,S IH NG-G Y UW-L AR-L IY
SITUATE,S,I,T,U,A,T,E,S IH CH-Y UW-EY T
SITUATED,S,I,T,U,A,T,E,D,S IH CH-Y UW-EY T-EH D
SITUATES,S,I,T,U,A,T,E,S,S IH CH-Y UW-EY T-S
SKEW,S,K,E,W,S K Y UW
SKEWER,S,K,E,W,ER,S K Y UW-ER
SKEWING,S,K,E,W,I,NG,S K Y UW-IH NG
SPATULA,S,P,A,T,U,L,A,S P AE CH-Y UW-L AH
SPECTACULAR,S,P,E,C,T,A,C,U,L,AR,,S P EH K T-AE K-Y UW LL-AR
SPECTACULARLY,S,P,E,C,T,A,C,U,L,AR,L,Y,,S P EH K T-AE K-Y UW LL-AR-L IY
SPECULATE,S,P,E,C,U,L,A,T,E,,S P EH K-Y UW-L EY T
SPECULATED,S,P,E,C,U,L,A,T,E,D,S P EH K-Y UW-L EY T-D
SPECULATES,S,P,E,C,U,L,A,T,E,S,,S P EH K-Y UW-L EY T-S
SPECULATING,S,P,E,C,U,L,A,T,I,NG,,S P EH K-Y UW LL-EY T-IH NG
SPECULATION,S,P,E,C,U,L,A,TI,O,N,,S P EH K-Y UW LL-EY-SH AA N
SPECULATIVE,S,P,E,C,U,L,A,T,I,V,E,,S P EH K-Y UW LL-AE T-IH V
SPECULATOR,S,P,E,C,U,L,A,T,OR,,S P EH K-Y UW LL-EY T OR
SPEW,S,P,E,W,S P Y UW
SPEWING,S,P,E,W,I,NG,S P Y UW-IH NG
SPUTUM,S,P,U,T,U,M,,S P Y UW T-AH M
STATUTORY,S,T,A,T,U,T,OR,Y,S T AE CH-Y UW-T OR-IY
STIMULANT,S,T,I,M,U,L,A,N,T,,S T IH M-Y UW LL-AE-N T
STIMULATE,S,T,I,M,U,L,A,T,E,,S T IH M-Y UW-L EY T
STIMULATED,S,T,I,M,U,L,A,T,E,D,,S T IH M-Y UW-L EY T-EH D
STIMULATES,S,T,I,M,U,L,A,T,E,S,,S T IH M-Y UW-L EY T-S
STIMULATING,S,T,I,M,U,L,A,T,I,NG,,S T IH M-Y UW LL-EY T-IH NG
STIMULATION,S,T,I,M,U,L,A,TI,O,N,,S T IH M-Y UW LL-EY-SH AA N
STIMULATIVE,S,T,I,M,U,L,A,T,I,V,E,,S T IH M-Y UW LL-EY T-IH V
STIMULATOR,S,T,I,M,U,L,A,T,OR,,S T IH M-Y UW LL-EY T-OR
STIMULI,S,T,I,M,U,L,I,,S T IH M-Y UW LL-AY
STIMULUS,S,T,I,M,U,L,U,S,,S T IH M-Y UW LL-AH S
STIPULATE,S,T,I,P,U,L,A,T,E,,S T IH P-Y UW-L EY T
STIPULATED,S,T,I,P,U,L,A,T,E,D,S T IH P-Y UW-L EY T-EH D
STIPULATES,S,T,I,P,U,L,A,T,E,S,,S T IH P-Y UW-L EY T-S
STIPULATING,S,T,I,P,U,L,A,T,I,NG,,S T IH P-Y UW LL-EY T-IH NG
STIPULATION,S,T,I,P,U,L,A,TI,O,N,,S T IH P-Y UW LL-EY-SH AA N
STIPULATIONS,S,T,I,P,U,L,A,TI,O,N,S,,S T IH P-Y UW LL-EY-SH AA N-Z
STRANGULATE,S,T,R,A,N,G,U,L,A,T,E,,S T R AE NG-G Y UW-L EY T
STRANGULATION,S,T,R,A,N,G,U,L,A,TI,O,N,,S T R AE NG-G Y UW LL-EY-SH AA N
STRANGULATIONS,S,T,R,A,N,G,U,L,A,TI,O,N,S,,S T R AE NG-G Y UW LL-EY-SH AA N-Z
STRENUOUS,S,T,R,E,N,U,OU,S,S T R EH N-Y UW-AH S
STRENUOUSLY,S,T,R,E,N,U,OU,S,L,Y,S T R EH N-Y UW-AH S-L IY
SUBACUTE,S,U,B,A,C,U,T,E,,S AH B-AE-K Y UW T
SUBCUTANEOUS,S,U,B,C,U,T,A,N,E,OU,S,,S AH B-K Y UW-T EY N-IY-AH S
SUBHUMAN,S,U,B,H,U,M,A,N,,S AH B-HH Y UW-M AE N
SUBSTITUTIONS,S,U,B,S,T,I,T,U,TI,O,N,S,,S AH B-S T IH-T Y UW-SH AA N-Z
SUBTERFUGE,S,U,B,T,ER,F,U,G,E,,S AH B-T ER-F Y UW JH
SUCCULENT,S,U,C,C,U,L,E,N,T,S AH K-K Y UW LL-IH N T
SUFFUSE,S,U,F,F,U,S,E,,S AH F-F Y UW Z
SUFFUSED,S,U,F,F,U,S,E,D,S AH F-F Y UW Z-D
SUFFUSES,S,U,F,F,U,S,E,S,,S AH F-F Y UW Z-IH Z
SUFFUSING,S,U,F,F,U,S,I,NG,,S AH F-F Y UW Z-IH NG
SUPERANNUATED,S,U,P,ER,A,N,N,U,A,T,E,D,S UW P-ER-AE N-N Y UW-EY T-EH D
SUPERCOMPUTER,S,U,P,ER,C,O,M,P,U,T,ER,,S UW-P ER-K AA M-P Y UW T-ER
SUPERCOMPUTERS,S,U,P,ER,C,O,M,P,U,T,ER,S,S UW-P ER-K AA M-P Y UW T-ER-Z
SUPERFLUIDITY,S,U,P,ER,F,L,U,I,D,I,T,Y,S UW-P ER-F L Y UW-IH D-IH T-IY
SUPERFLUOUS,S,U,P,ER,F,L,U,OU,S,S UW-P ER-F L Y UW-AH S
SUPERHUMAN,S,U,P,ER,H,U,M,A,N,,S UW-P ER-HH Y UW-M AE N
SUPERVALUE,S,U,P,ER,V,A,L,U,E,S UW-P ER-V AE LL-Y UW
SYRACUSE,S,Y,R,A,C,U,S,E,,S IH-R AE-K Y UW Z
TABULATE,T,A,B,U,L,A,T,E,,T AE B-Y UW-L EY T
TABULATED,T,A,B,U,L,A,T,E,D,T AE B-Y UW-L EY T-D
TABULATING,T,A,B,U,L,A,T,I,NG,,T AE B-Y UW LL-EY T-IH NG
TABULATION,T,A,B,U,L,A,TI,O,N,,T AE B-Y UW LL-EY-SH AA N
TELECOMMUNICATION,T,E,L,E,C,O,M,M,U,N,I,C,A,TI,O,N,,T EH LL-EH-K AA M-M Y UW N-IH K-EY-SH AA N
TELECOMMUNICATIONS,T,E,L,E,C,O,M,M,U,N,I,C,A,TI,O,N,S,,T EH LL-EH-K AA M-M Y UW N-IH K-EY-SH AA N-Z
TENUOUS,T,E,N,U,OU,S,,T EH N-Y UW-AH S
TERHUNE,T,ER,H,U,N,E,,T ER-HH Y UW N
TESTICULAR,T,E,S,T,I,C,U,L,AR,,T EH S T-IH K-Y UW LL-AR
THERAPEUTIC,TH,ER,A,P,EU,T,I,C,TH AIR-AE-P Y UW-T IH K
THERAPEUTICALLY,TH,ER,A,P,EU,T,I,C,A,L,L,Y,TH AIR-AE P-Y UW T-IH K-AE LL-L IY
THERAPEUTICS,TH,ER,A,P,EU,T,I,C,S,TH AIR-AE P-Y UW T-IH K-S
TISSUE,T,I,S,S,U,E,T IH S-S Y UW
TRANSFUSE,T,R,A,N,S,F,U,S,E,,T R AE N S-F Y UW Z
TRANSFUSED,T,R,A,N,S,F,U,S,E,D,T R AE N S-F Y UW Z-D
TRANSFUSION,T,R,A,N,S,F,U,SI,O,N,,T R AE N S-F Y UW-ZH AA N
TRANSFUSIONS,T,R,A,N,S,F,U,SI,O,N,S,,T R AE N S-F Y UW-ZH AA N-Z
TRANSMUTATION,T,R,A,N,S,M,U,T,A,TI,O,N,T R AE N S-M Y UW T-EY-SH AA N
TRANSSEXUAL,T,R,A,N,S,S,E,X,U,A,L,T R AE N S-S EH K S-Y UW-AE LL
TRANSSEXUALS,T,R,A,N,S,S,E,X,U,A,L,S,T R AE N S-S EH K S-Y UW-AE LL-Z
TREMULOUS,T,R,E,M,U,L,OU,S,,T R EH M-Y UW LL-AH S
TREMULOUSLY,T,R,E,M,U,L,OU,S,L,Y,,T R EH M-Y UW LL-AH S-L IY
TRIANGULAR,T,R,I,A,N,G,U,L,AR,,T R AY-AE NG-G Y UW LL-AR
TRIANGULATION,T,R,I,A,N,G,U,L,A,TI,O,N,,T R AY-AE NG-G Y UW LL-EY-SH AA N
TRIBULATION,T,R,I,B,U,L,A,TI,O,N,,T R IH B-Y UW LL-EY-SH AA N
TRIBULATIONS,T,R,I,B,U,L,A,TI,O,N,S,,T R IH B-Y UW LL-EY-SH AA N-Z
TRIBUNAL,T,R,I,B,U,N,A,L,,T R AY-B Y UW N-AE LL
TRIBUNE,T,R,I,B,U,N,E,,T R IH B-Y UW N
TRIBUTARIES,T,R,I,B,U,T,AR,I,E,S,,T R IH B-Y UW T-AIR-IY-Z
TRIBUTARY,T,R,I,B,U,T,AR,Y,,T R IH B-Y UW T-AIR-IY
TRIBUTE,T,R,I,B,U,T,E,,T R IH B-Y UW T
TRUCULENT,T,R,U,C,U,L,E,N,T,,T R AH K-Y UW LL-EH N T
TUBULE,T,U,B,U,L,E,T UW-B Y UW LL
TUITION,T,U,I,TI,O,N,,T Y UW-IH-SH AA N
TUMULTUOUS,T,U,M,U,L,T,U,OU,S,T UW-M AH LL CH-Y UW-AH S
TUPELO,T,U,P,E,L,O,,T Y UW-P EH-L OW
TURBULENCE,T,UR,B,U,L,E,N,C,E,T ER B-Y UW LL-EH N S
TURBULENT,T,UR,B,U,L,E,N,T,,T ER B-Y UW LL-EH N T
TURENNE,T,UR,E,N,N,E,,T Y UW R IH N
TURPITUDE,T,UR,P,I,T,U,D,E,T ER-P IH T-Y UW D
TUTELAGE,T,U,T,E,L,A,G,E,,T Y UW-T IH LL-EY JH
UART,U,AR,T,,Y UW-AR T
UBIQUITOUS,U,B,I,Q,U,I,T,OU,S,Y UW-B IH K-W IH T-AH S
UDALL,U,D,A,LL,,Y UW-D AE LL
UDO,U,D,O,Y UW-D OW
UFO,U,F,O,,Y UW EH-F OW
UGANDA,U,G,A,N,D,A,,Y UW-G AE N-D AA
UGRIC,U,G,R,I,C,,Y UW-G R IH K
UHLAND,U,H,L,A,N,D,Y UW-L AE N D
UINTA,U,I,N,T,A,,Y UW-IH N-T AH
UKASE,U,K,A,S,E,,Y UW-K EY Z
UKRAINE,U,K,R,AI,N,E,Y UW K R EY N
UKRAINIAN,U,K,R,AI,N,I,A,N,Y UW-K R EY N-IY-AE N
UKULELE,U,K,U,L,E,L,E,,Y UW-K Y UW-L EY-L IY
ULA,U,L,A,,Y UW-L AH
ULYSSES,U,L,Y,S,S,E,S,,Y UW-L IH S-S IY Z
UNA,U,N,A,Y UW-N AH
UNAMBIGUOUS,U,N,A,M,B,I,G,U,OU,S,,AH N-AE M-B IH G-Y UW-AH S
UNANIMITY,U,N,A,N,I,M,I,T,Y,,Y UW N-EA N-IH M-IH T-IY
UNANIMOUS,U,N,A,N,I,M,OU,S,,Y UW-N AE N-IH M-AH S
UNANIMOUSLY,U,N,A,N,I,M,OU,S,L,Y,,Y UW-N AE N-IH M-AH S-L IY
UNCONSTITUTIONAL,U,N,C,O,N,S,T,I,T,U,TI,O,N,A,L,AH N-K AA N-S T IH T-Y UW-SH AA N-AE LL
UNCONSTITUTIONALLY,U,N,C,O,N,S,T,I,T,U,TI,O,N,A,L,L,Y,AH N-K AA N-S T IH T-Y UW-SH AA N-AE LL-L IY
UNCTUOUS,U,N,C,T,U,OU,S,AH NG K-CH Y UW-AH S
UNDERUSE,U,N,D,ER,U,S,E,,AH N-D ER-Y UW Z
UNDERUSED,U,N,D,ER,U,S,E,D,AH N-D ER-Y UW Z-D
UNDERUTILIZE,U,N,D,ER,U,T,I,L,I,Z,E,,AH N-D ER-Y UW-T IH LL-AY Z
UNDERUTILIZED,U,N,D,ER,U,T,I,L,I,Z,E,D,AH N-D ER-Y UW-T IH LL-AY Z-D
UNDERVALUATION,U,N,D,ER,V,A,L,U,A,TI,O,N,,AH N-D ER-V AE LL-Y UW-EY-SH AA N
UNDERVALUE,U,N,D,ER,V,A,L,U,E,AH N-D ER-V AE LL-Y UW
UNDERVALUED,U,N,D,ER,V,A,L,UE,D,AH N-D ER-V AE LL-Y UW-D
UNDERVALUES,U,N,D,ER,V,A,L,UE,S,AH N-D ER-V AE LL-Y UW-Z
UNDERVALUING,U,N,D,ER,V,A,L,U,I,NG,AH N-D ER-V AE LL-Y UW-IH NG
UNDISPUTED,U,N,D,I,S,P,U,T,E,D,AH N-D IH S-P Y UW T-EH D
UNDISTRIBUTED,U,N,D,I,S,T,R,I,B,U,T,E,D,AH N-D IH S-T R IH B-Y UW T-EH D
UNDOCUMENTED,U,N,D,O,C,U,M,E,N,T,E,D,AH N-D AA K-Y UW-M EH N T-EH D
UNEDUCATED,U,N,E,D,U,C,A,T,E,D,AH N-EH D-Y UW K-EY T-EH D
UNESCO,U,N,E,S,C,O,,Y UW-N EH S-K OW
UNI,U,N,I,,Y UW-N IY
UNIBEND,U,N,I,B,E,N,D,Y UW-N IH-B EH N D
UNICEF,U,N,I,C,E,F,,Y UW N-IH-S EH F
UNICELLULAR,U,N,I,C,E,LL,U,L,AR,Y UW-N IH-S EH LL-UW LL-AR
UNICORN,U,N,I,C,ORN,,Y UW-N IH K-AO-R N
UNICYCLE,U,N,I,C,Y,C,L,E,,Y UW-N IH-S AY-K-L
UNICYCLES,U,N,I,C,Y,C,L,E,S,,Y UW-N IH-S AY-K LL-Z
UNIDENTIFIED,U,N,I,D,E,N,T,I,F,I,E,D,Y UW N-IH-D EH N T-IH F-AY-D
UNIFICATION,U,N,I,F,I,C,A,TI,O,N,,Y UW-N IH F-IH K-EY-SH AA N
UNIFIED,U,N,I,F,I,E,D,,Y UW-N IH F-AY-D
UNIFORM,U,N,I,F,ORM,,Y UW-N IH F-AO-R M
UNIFORMED,U,N,I,F,OR,M,E,D,Y UW-N IH-F OR M-D
UNIFORMITY,U,N,I,F,OR,M,I,T,Y,,Y UW-N IH-F OR M-IH T-IY
UNIFORMLY,U,N,I,F,ORML,Y,,Y UW-N IH-F OR M-L IY
UNIFORMS,U,N,I,F,ORMS,,Y UW-N IH-F OR M-Z
UNIFY,U,N,I,F,Y,,Y UW-N IH F-AY
UNIFYING,U,N,I,F,YI,N,G,,Y UW-N IH F-AY-IH NG
UNILATERAL,U,N,I,L,A,T,ER,A,L,,Y UW-N IH-L AE T-ER-AE LL
UNILATERALISM,U,N,I,L,A,T,ER,A,L,I,S,M,,Y UW-N IH-L AE T-ER-AE LL-IH-Z-AH M
UNILATERALLY,U,N,I,L,A,T,ER,A,L,L,Y,Y UW-N IH-L AE T-ER-AE LL-L IY
UNION,U,N,I,O,N,,Y UW N-Y AA N
UNIONDALE,U,N,I,O,N,D,A,L,E,,Y UW N-Y AA N-D EY LL
UNIONISM,U,N,I,O,N,I,S,M,,Y UW N-Y AA N-IH Z M
UNIONIST,U,N,I,O,N,I,S,T,,Y UW N-Y AA N-IH S T
UNIONISTS,U,N,I,O,N,I,S,T,S,,Y UW N-Y AA N-IH S T-S
UNIONIZATION,U,N,I,O,N,I,Z,A,TI,O,N,,Y UW N-Y AA N-IH Z-EY-SH AA N
UNIONIZE,U,N,I,O,N,I,Z,E,,Y UW N-Y AA N-AY Z
UNIONIZED,U,N,I,O,N,I,Z,E,D,Y UW N-Y AA N-AY Z-D
UNIONIZING,U,N,I,O,N,I,Z,I,NG,,Y UW N-Y AA N-AY Z-IH NG
UNIONS,U,N,I,O,N,S,,Y UW N-Y AA N-Z
UNIPOTORNAL,U,N,I,P,O,T,OR,N,A,L,Y UW-N IH-P OW-T OR N-AE LL
UNIQUE,U,N,I,Q,U,E,,Y UW N IY K
UNIQUELY,U,N,I,Q,U,E,L,Y,,Y UW-N IY K-L IY
UNIQUENESS,U,N,I,Q,U,E,N,E,SS,,Y UW N IY K-N EH S
UNISEX,U,N,I,S,E,X,,Y UW-N IH-S EH K S
UNISON,U,N,I,S,O,N,,Y UW-N IH S-AA N
UNIT,U,N,I,T,,Y UW-N IH T
UNITARIAN,U,N,I,T,AR,I,A,N,,Y UW-N IH-T AIR-IY-AE N
UNITARY,U,N,I,T,AR,Y,,Y UW-N IH-T AIR-IY
UNITE,U,N,I,T,E,,Y UW-N AY T
UNITED,U,N,I,T,E,D,,Y UW-N AY T-AE D
UNITING,U,N,I,T,I,NG,,Y UW-N AY T-IH NG
UNITS,U,N,I,T,S,,Y UW-N IH T-S
UNITY,U,N,I,T,Y,,Y UW-N IH T-IY
UNIVERSAL,U,N,I,V,ER,S,A,L,,Y UW-N IH-V ER S-AE LL
UNIVERSALITY,U,N,I,V,ER,S,A,L,I,T,Y,,Y UW-N IH-V ER S-AE LL-IH T-IY
UNIVERSALLY,U,N,I,V,ER,S,A,L,L,Y,,Y UW-N IH-V ER S-AE LL-L IY
UNIVERSE,U,N,I,V,ER,S,E,,Y UW-N IH V ER S
UNIVERSES,U,N,I,V,ER,S,E,S,,Y UW-N IH-V ER S-EH Z
UNIVERSITIES,U,N,I,V,ER,S,I,T,I,E,S,,Y UW N-IH-V ER S-IH T-IY-Z
UNIVERSITY,U,N,I,V,ER,S,I,T,Y,,Y UW N-IH-V ER S-IH T-IY
UNIX,U,N,I,X,Y UW-N IH K S
UNIZORNAL,U,N,I,Z,OR,N,A,L,Y UW-N IH-Z OR-N AE LL
UNMODULATED,U,N,M,O,D,U,L,A,T,E,D,AH N-M AA JH-Y UW-L EY T-EH D
UNOBTRUSIVE,U,N,O,B,T,R,U,S,I,V,E,AH N-AA B-T R Y UW S-IH V
UNOCCUPIED,U,N,O,C,C,U,P,I,E,D,AH N-AA K-K Y UW P-AY-D
UNPOPULAR,U,N,P,O,P,U,L,AR,,AH N-P AA P-Y UW LL-AR
UNPOPULARITY,U,N,P,O,P,U,L,AR,I,T,Y,,AH N-P AA P-Y UW LL-AIR-IH T-IY
UNPOPULATED,U,N,P,O,P,U,L,A,T,E,D,AH N-P AA P-Y UW-L EY T-EH D
UNREFUTED,U,N,R,E,F,U,T,E,D,AH N-R IY-F Y UW T-EH D
UNREGULATED,U,N,R,E,G,U,L,A,T,E,D,AH N-R EH G-Y UW-L EY T-EH D
UNSATURATED,U,N,S,A,T,UR,A,T,E,D,AH N-S AE CH-Y UW R-EY T-EH D
UNSCRUPULOUS,U,N,S,C,R,U,P,U,L,OU,S,,AH N-S K R UW P-Y UW LL-AH S
UNSPECTACULAR,U,N,S,P,E,C,T,A,C,U,L,AR,,AH N-S P EH K T-AE K-Y UW LL-AR
UNUSABLE,U,N,U,SA,B,L,E,,AH N-Y UW Z-AE-B LL
UNUSED,U,N,U,S,E,D,AH N-Y UW Z-D
UNUSUAL,U,N,U,S,U,A,L,,AH N-Y UW-ZH UW-AE LL
UNUSUALLY,U,N,U,S,U,A,L,L,Y,AH N-Y UW-ZH UW-AE LL-L IY
URANUS,U,R,A,N,U,S,,Y UW-R AE N-AH S
UREMIA,U,R,E,M,I,A,Y UW-R IY-M IY-AH
URENA,U,R,E,N,A,Y UW-R EY-N AH
URETHANE,U,R,E,TH,A,N,E,Y UW-R AH TH-EY N
UROLOGY,U,R,O,L,O,G,Y,Y UW-R OW-L AA JH-IY
USA,U,S,A,,Y UW EH-S EY
USABLE,U,SA,B,L,E,,Y UW Z-AH-B-AE LL
USAGE,U,SA,G,E,,Y UW S-EY JH
USAGES,U,SA,G,E,S,,Y UW S-EY JH AH-Z
USE,U,S,E,,Y UW S
USED,U,S,E,D,,Y UW Z-D
USEFUL,U,S,E,F,UL,,Y UW S-F LL
USEFULLY,U,S,E,F,UL,L,Y,Y UW S-F LL-L IY
USEFULNESS,U,S,E,F,UL,N,E,SS,Y UW S-F LL-N EH S
USELESS,U,S,E,L,E,SS,,Y UW S-LAH S
USER,U,S,ER,,Y UW Z ER
USERS,U,S,ER,S,,Y UW Z-ER-Z
USERY,U,S,ER,Y,,Y UW Z-ER-IY
USES,U,S,E,S,,Y UW S-EH Z
USING,U,S,I,NG,,Y UW Z-IH NG
USUAL,U,S,U,A,L,,Y UW-ZH Y UW W-AE L
USUALLY,U,S,U,A,L,L,Y,Y UW-ZH Y UW W-AE LL-L IY
USURP,U,S,UR,P,,Y UW-S ER P
USURPATION,U,S,UR,P,A,TI,O,N,,Y UW-S ER P-EY-SH AA N
USURPED,U,S,UR,P,ED,Y UW-S ER P-T
USURPING,U,S,UR,P,I,NG,,Y UW-S ER P-IH NG
USURPS,U,S,UR,PS,,Y UW-S ER P-S
USURY,U,S,UR,Y,,Y UW-ZH ER-IY
UTAH,U,T,A,H,,Y UW-T AO
UTAMARO,U,T,A,M,AR,O,,Y UW-T AE-M AA-R OW
UTENSIL,U,T,E,N,S,I,L,,Y UW-T EH N-S IH LL
UTERINE,U,T,ER,I,N,E,,Y UW-T ER-IH N
UTERO,U,T,ER,O,,Y UW-T ER-OW
UTERUS,U,T,ER,U,S,,Y UW-T ER-AH S
UTHER,U,TH,ER,Y UW TH ER
UTICA,U,T,I,C,A,,Y UW-T AH-K AH
UTILITARIAN,U,T,I,L,I,T,AR,I,A,N,,Y UW-T IH LL-IH-T AIR-IY-AE N
UTILITIES,U,T,I,L,I,T,I,E,S,,Y UW-T IH LL-IH T-IY-Z
UTILITY,U,T,I,L,I,T,Y,,Y UW-T IH LL-IH T-IY
UTILIZATION,U,T,I,L,I,Z,A,TI,O,N,,Y UW-T IH LL-AH Z-EY-SH AA N
UTILIZE,U,T,I,L,I,Z,E,,Y UW-T IH LL-AY Z
UTILIZED,U,T,I,L,I,Z,E,D,Y UW-T IH LL-AY Z-D
UTILIZES,U,T,I,L,I,Z,E,S,Y UW-T IH LL-AY Z-EH Z
UTILIZING,U,T,I,L,I,Z,I,NG,,Y UW-T IH LL-AY Z-IH NG
UTOPIA,U,T,O,P,I,A,,Y UW-T OW-P IY-AH
UTOPIAN,U,T,O,P,I,A,N,,Y UW-T OW-P IY-AE N
VACUOUS,V,A,C,U,OU,S,V AE K-Y UW-AH S
VACUUM,V,A,C,U,U,M,V AE K-Y UW-AH M
VACUUMS,V,A,C,U,U,M,S,V AE K-Y UW-AH M-Z
VALUATION,V,A,L,U,A,TI,O,N,,V AE LL-Y UW-EY-SH AA N
VALUE,V,A,L,U,E,V AE LL-Y UW
VALUED,V,A,L,UE,D,V AE LL-Y UW-D
VALUELESS,V,A,L,UE,L,E,SS,V AE LL-Y UW-L EH S
VALUES,V,A,L,UE,S,V AE LL-Y UW-Z
VASCULAR,V,A,S,C,U,L,AR,,V AE S-K-Y UW-L AR
VEHICULAR,V,E,H,I,C,U,L,AR,,V IY-HH IH-K Y UW LL-AR
VENTRICULAR,V,E,N,T,R,I,C,U,L,AR,,V EH N-T R IH K-Y UW-L AR
VENUE,V,E,N,U,E,V EH N-Y UW
VERNACULAR,V,ER,N,A,C,U,L,AR,,V ER-N AE K-Y UW LL-AR
VESTIBULE,V,E,S,T,I,B,U,L,E,V EH S-T IH-B Y UW LL
VICISSITUDE,V,I,C,I,S,S,I,T,U,D,E,V IH S-IH S-S IH T-Y UW D
VIEW,V,IEW,V Y UW
VIEWED,V,IEW,E,D,V Y UW-D
VIEWER,V,IEW,ER,V Y UW-ER
VIEWERS,V,IEW,ER,S,V Y UW-ER-Z
VIEWERSHIP,V,IEW,ER,SH,I,P,V Y UW-ER-SH IH P
VIEWFINDER,V,IEW,F,I,N,D,ER,V Y UW-F AY N D-ER
VIEWING,V,IEW,I,NG,V Y UW-IH NG
VIEWPOINT,V,IEW,P,OI,N,T,V Y UW-P OY N T
VIEWPOINTS,V,IEW,P,OI,N,T,S,V Y UW-P OY N T-S
VIEWS,V,IEW,S,V Y UW-Z
VIRULENCE,V,IR,U,L,E,N,C,E,V IH R-Y UW LL-EH N S
VIRULENT,V,IR,U,L,E,N,T,V IH R-Y UW LL-EH N T
VIRULENTLY,V,IR,U,L,E,N,T,L,Y,V IH R-Y UW LL-EH N T-L IY
VISUAL,V,I,S,U,A,L,,V IH ZH-Y UW-AE LL
VISUALIZATION,V,I,S,U,A,L,I,Z,A,TI,O,N,V IH ZH-Y UW-AE LL-IH Z-EY-SH AA N
VISUALIZE,V,I,S,U,A,L,I,Z,E,V IH ZH-Y UW-AE LL-AY Z
VISUALIZED,V,I,S,U,A,L,I,Z,E,D,V IH ZH-Y UW-AE LL-AY Z-D
VISUALIZING,V,I,S,U,A,L,I,Z,I,NG,V IH ZH-Y UW-AE LL-AY Z-IH NG
VISUALLY,V,I,S,U,A,L,L,Y,V IH ZH-Y UW-AE LL-L IY
VISUALS,V,I,S,U,A,L,S,V IH ZH-Y UW-AE LL-Z
VOCABULARY,V,O,C,A,B,U,L,AR,Y,,V OW-K AE B-Y UW LL-AIR-IY
VOLUBLE,V,O,L,U,B,L,E,,V AA LL-Y UW-B L
VOLUME,V,O,L,U,M,E,,V AA LL-Y UW M
VOLUMES,V,O,L,U,M,E,S,,V AA LL-Y UW M-Z
VOYEUR,V,OYE,UR,,V OY-Y-UW R
VOYEURISM,V,OYE,UR,I,S,M,,V OY-Y-UW R-IH Z M
YEW,Y,E,W,Y UW
YOU,Y,OU,Y UW
YOUS,Y,OU,S,Y UW S
YOUTH,Y,OU,TH,Y UW TH
YOUTHFUL,Y,OU,TH,F,UL,Y UW TH-F LL
YOUTHS,Y,OU,TH,S,Y UW DH-Z
YOUTUBE,Y,OU,T,U,B,E,Y UW-T Y UW B
YUAN,Y,U,A,N,Y UW-AA N
YUCATAN,Y,U,C,A,T,A,N,Y Y UW-K AE-T AE N
YUGO,Y,U,G,O,Y Y UW-G OW
YUGOSLAV,Y,U,G,O,S,L,A,V,Y Y UW-G OW-S L AA V
YUGOSLAVIA,Y,U,G,O,S,L,A,V,I,A,Y Y UW-G OW-S L AA-V IY-AH
YUGOSLAVIAN,Y,U,G,O,S,L,A,V,I,A,N,Y Y UW-G OW-S L AA-V IY-AE N
YUKON,Y,U,K,O,N,Y Y UW-K AA N
YULE,Y,U,L,E,Y Y UW LL
YULETIDE,Y,U,L,E,T,I,D,E,Y Y UW LL-T AY D
YUMA,Y,U,M,A,Y Y UW-M AH
ZEGULATE,Z,E,G,U,L,A,T,E,,Z EH G-Y UW-L EY T
ZEGULATORY,Z,E,G,U,L,A,T,OR,Y,Z EH G-Y UW LL-AE-T OR-IY
ZUGULATE,Z,U,G,U,L,A,T,E,,Z AH G-Y UW-L EY T